event_time_utc,event_type,trade_id,symbol,source,timeframe,session,raw_direction,final_direction,candle_time,entry_price,sl_price,tp1_price,tp2_price,notional_usd,leverage,margin_usd,adx_value,lot,exit_reason,exit_price,pnl,balance_after
2026-09-05T10:30:32.415199+00:00,lot_close,149,BNBUSDT,ICT/SMC Scalp Pro,15m,,,short,2026-09-05 03:30:00,,,,,,1.0,50.0,,lot_a,sl,727.3537839322921,-0.1921,1054.124
2026-09-05T10:30:32.747780+00:00,lot_close,149,BNBUSDT,ICT/SMC Scalp Pro,15m,,,short,2026-09-05 03:30:00,,,,,,1.0,50.0,,lot_b,sl,727.3537839322921,-0.1921,1053.9319
2026-09-05T10:30:33.124602+00:00,full_close,149,BNBUSDT,ICT/SMC Scalp Pro,15m,,,short,2026-09-05 03:30:00,,,,,,,,,,,,,1053.9319
2026-09-05T10:30:36.596753+00:00,lot_close,153,ROSEUSDT,ICT/SMC Scalp Pro,15m,,,short,2026-09-05 05:30:00,,,,,,1.0,50.0,,lot_a,tp1,0.006709686315486706,1.5196,1055.4515
2026-09-05T10:30:36.932660+00:00,sl_to_be,153,ROSEUSDT,ICT/SMC Scalp Pro,15m,,,short,2026-09-05 05:30:00,,0.00692,,,,,,,,,,,
2026-09-05T10:30:38.243265+00:00,lot_close,151,CHZUSDT,ICT/SMC Scalp Pro,15m,,,long,2026-09-05 04:15:00,,,,,,1.0,50.0,,lot_a,tp1,0.013570688418951326,0.4112,1055.8627
2026-09-05T10:30:38.585415+00:00,sl_to_be,151,CHZUSDT,ICT/SMC Scalp Pro,15m,,,long,2026-09-05 04:15:00,,0.01346,,,,,,,,,,,
2026-09-05T10:30:44.588988+00:00,lot_close,152,GALAUSDT,ICT/SMC Scalp Pro,15m,,,short,2026-09-05 04:45:00,,,,,,1.0,50.0,,lot_a,sl,0.0019126356672516049,-0.7061,1055.1566
2026-09-05T10:30:44.912543+00:00,lot_close,152,GALAUSDT,ICT/SMC Scalp Pro,15m,,,short,2026-09-05 04:45:00,,,,,,1.0,50.0,,lot_b,sl,0.0019126356672516049,-0.7061,1054.4504
2026-09-05T10:30:45.257409+00:00,full_close,152,GALAUSDT,ICT/SMC Scalp Pro,15m,,,short,2026-09-05 04:45:00,,,,,,,,,,,,,1054.4504
2026-09-05T12:01:24.405804+00:00,open,154,MASKUSDT,Supertrend+ADX,15m,لندن,long,short,2026-09-05 11:45:00,0.449,0.45560057693111616,0.4390991346033258,0.42919826920665155,300.0,3.0,100.0,19.674,,,,,1054.4504
2026-09-05T12:31:15.406808+00:00,lot_close,151,CHZUSDT,ICT/SMC Scalp Pro,15m,,,long,2026-09-05 04:15:00,,,,,,1.0,50.0,,lot_b,tp2,0.013681376837902652,0.8224,1055.2728
2026-09-05T12:31:15.723949+00:00,full_close,151,CHZUSDT,ICT/SMC Scalp Pro,15m,,,long,2026-09-05 04:15:00,,,,,,,,,,,,,1055.2728
2026-09-05T12:45:57.720640+00:00,lot_close,139,SOLUSDT,ICT/SMC Scalp Pro,15m,,,long,2026-09-04 19:30:00,,,,,,1.0,50.0,,lot_a,tp1,102.72720853542,0.5001,1055.7728
2026-09-05T12:45:58.196539+00:00,sl_to_be,139,SOLUSDT,ICT/SMC Scalp Pro,15m,,,long,2026-09-04 19:30:00,,101.71,,,,,,,,,,,
2026-09-05T14:31:16.374126+00:00,lot_close,134,ONEUSDT,ICT/SMC Scalp Pro,15m,,,long,2026-09-04 12:45:00,,,,,,1.0,50.0,,lot_b,sl,0.000764,0.0,1055.7728
2026-09-05T14:31:16.957584+00:00,full_close,134,ONEUSDT,ICT/SMC Scalp Pro,15m,,,long,2026-09-04 12:45:00,,,,,,,,,,,,,1055.7728
2026-09-06T09:46:01.753833+00:00,lot_close,139,SOLUSDT,ICT/SMC Scalp Pro,15m,,,long,2026-09-04 19:30:00,,,,,,1.0,50.0,,lot_b,tp2,103.74441707084002,1.0001,1056.7729
2026-09-06T09:46:02.201117+00:00,full_close,139,SOLUSDT,ICT/SMC Scalp Pro,15m,,,long,2026-09-04 19:30:00,,,,,,,,,,,,,1056.7729
2026-09-06T09:46:06.793357+00:00,lot_close,153,ROSEUSDT,ICT/SMC Scalp Pro,15m,,,short,2026-09-05 05:30:00,,,,,,1.0,50.0,,lot_b,sl,0.00692,-0.0,1056.7729
2026-09-06T09:46:07.274928+00:00,full_close,153,ROSEUSDT,ICT/SMC Scalp Pro,15m,,,short,2026-09-05 05:30:00,,,,,,,,,,,,,1056.7729
2026-09-06T09:46:11.326194+00:00,lot_close,154,MASKUSDT,Supertrend+ADX,15m,لندن,long,short,2026-09-05 11:45:00,,,,,,3.0,50.0,,lot_a,sl,0.45560057693111616,-2.2051,1054.5679
2026-09-06T09:46:11.722951+00:00,lot_close,154,MASKUSDT,Supertrend+ADX,15m,لندن,long,short,2026-09-05 11:45:00,,,,,,3.0,50.0,,lot_b,sl,0.45560057693111616,-2.2051,1052.3628
2026-09-06T09:46:12.119460+00:00,full_close,154,MASKUSDT,Supertrend+ADX,15m,لندن,long,short,2026-09-05 11:45:00,,,,,,,,,,,,,1052.3628
2026-09-06T10:16:01.623834+00:00,lot_close,147,VETUSDT,ICT/SMC Scalp Pro,15m,,,short,2026-09-05 02:00:00,,,,,,1.0,50.0,,lot_b,sl,0.006974,-0.0,1052.3628
2026-09-06T10:16:02.110322+00:00,full_close,147,VETUSDT,ICT/SMC Scalp Pro,15m,,,short,2026-09-05 02:00:00,,,,,,,,,,,,,1052.3628
2026-09-06T10:31:07.230599+00:00,lot_close,130,ROSEUSDT,Supertrend+ADX,15m,,,long,2026-09-04 12:30:00,,,,,,1.0,50.0,,lot_b,tp2,0.007101371243344162,7.3616,1059.7244
2026-09-06T10:31:07.699891+00:00,full_close,130,ROSEUSDT,Supertrend+ADX,15m,,,long,2026-09-04 12:30:00,,,,,,,,,,,,,1059.7244
2026-09-06T10:46:13.512188+00:00,open,155,MASKUSDT,Supertrend+ADX,15m,لندن,long,short,2026-09-06 10:30:00,0.46,0.466383355811625,0.45042496628256257,0.4408499325651251,300.0,3.0,100.0,22.937,,,,,1059.7244
2026-09-06T11:16:14.022387+00:00,lot_close,155,MASKUSDT,Supertrend+ADX,15m,لندن,long,short,2026-09-06 10:30:00,,,,,,3.0,50.0,,lot_a,sl,0.466383355811625,-2.0815,1057.6429
2026-09-06T11:16:14.359945+00:00,lot_close,155,MASKUSDT,Supertrend+ADX,15m,لندن,long,short,2026-09-06 10:30:00,,,,,,3.0,50.0,,lot_b,sl,0.466383355811625,-2.0815,1055.5613
2026-09-06T11:16:14.692460+00:00,full_close,155,MASKUSDT,Supertrend+ADX,15m,لندن,long,short,2026-09-06 10:30:00,,,,,,,,,,,,,1055.5613
2026-09-06T11:16:16.041285+00:00,lot_close,138,MANAUSDT,ICT/SMC Scalp Pro,15m,,,long,2026-09-04 14:45:00,,,,,,1.0,50.0,,lot_b,tp2,0.07579061948730265,1.7695,1057.3309
2026-09-06T11:16:16.364105+00:00,full_close,138,MANAUSDT,ICT/SMC Scalp Pro,15m,,,long,2026-09-04 14:45:00,,,,,,,,,,,,,1057.3309
2026-09-06T12:46:11.319853+00:00,open,156,VETUSDT,Supertrend+ADX,15m,لندن,long,short,2026-09-06 12:30:00,0.007054,0.00721338169475573,0.006814927457866406,0.0065758549157328115,300.0,3.0,100.0,20.614,,,,,1057.3309
2026-09-06T17:01:15.567391+00:00,open,157,ROSEUSDT,Supertrend+ADX,15m,نیویورک,long,short,2026-09-06 16:45:00,0.00744,0.007882259530936669,0.006776610703594999,0.006113221407189998,300.0,3.0,100.0,23.369,,,,,1057.3309
2026-09-06T21:01:14.506458+00:00,open,158,DOGEUSDT,Supertrend+ADX,15m,نیویورک,long,short,2026-09-06 20:45:00,0.09027,0.09122414102352541,0.08883878846471188,0.08740757692942377,300.0,3.0,100.0,32.608,,,,,1057.3309
2026-09-06T21:16:01.410552+00:00,open,159,BTCUSDT,Supertrend+ADX,15m,نیویورک,long,short,2026-09-06 21:00:00,80003.7,80338.24764047771,79501.87853928343,79000.05707856685,300.0,3.0,100.0,18.452,,,,,1057.3309
2026-09-06T21:16:05.507054+00:00,open,160,BNBUSDT,Supertrend+ADX,15m,نیویورک,long,short,2026-09-06 21:00:00,752.43,757.3878300677042,744.9932548984436,737.5565097968873,300.0,3.0,100.0,20.65,,,,,1057.3309
2026-09-06T23:01:18.140017+00:00,open,161,CHZUSDT,Supertrend+ADX,15m,نیویورک,long,short,2026-09-06 22:45:00,0.01401,0.01418743038603045,0.013743854420954325,0.01347770884190865,300.0,3.0,100.0,18.568,,,,,1057.3309
2026-09-06T23:15:59.379621+00:00,lot_close,159,BTCUSDT,Supertrend+ADX,15m,نیویورک,long,short,2026-09-06 21:00:00,,,,,,3.0,50.0,,lot_a,sl,80338.24764047771,-0.6272,1056.7036
2026-09-06T23:15:59.719412+00:00,lot_close,159,BTCUSDT,Supertrend+ADX,15m,نیویورک,long,short,2026-09-06 21:00:00,,,,,,3.0,50.0,,lot_b,sl,80338.24764047771,-0.6272,1056.0764
2026-09-06T23:16:00.091740+00:00,full_close,159,BTCUSDT,Supertrend+ADX,15m,نیویورک,long,short,2026-09-06 21:00:00,,,,,,,,,,,,,1056.0764
2026-09-06T23:31:14.311910+00:00,lot_close,131,MANAUSDT,Supertrend+ADX,15m,,,long,2026-09-04 12:30:00,,,,,,1.0,50.0,,lot_a,tp1,0.07734201430320042,2.0471,1058.1235
2026-09-06T23:31:14.836955+00:00,sl_to_be,131,MANAUSDT,Supertrend+ADX,15m,,,long,2026-09-04 12:30:00,,0.0743,,,,,,,,,,,
2026-09-07T00:31:24.102933+00:00,lot_close,132,GALAUSDT,Supertrend+ADX,15m,,,long,2026-09-04 12:30:00,,,,,,1.0,50.0,,lot_b,tp2,0.0019428337344025656,5.7325,1063.856
2026-09-07T00:31:24.445673+00:00,full_close,132,GALAUSDT,Supertrend+ADX,15m,,,long,2026-09-04 12:30:00,,,,,,,,,,,,,1063.856
2026-09-07T00:46:03.773308+00:00,lot_close,158,DOGEUSDT,Supertrend+ADX,15m,نیویورک,long,short,2026-09-06 20:45:00,,,,,,3.0,50.0,,lot_a,sl,0.09122414102352541,-1.5855,1062.2705
2026-09-07T00:46:04.179454+00:00,lot_close,158,DOGEUSDT,Supertrend+ADX,15m,نیویورک,long,short,2026-09-06 20:45:00,,,,,,3.0,50.0,,lot_b,sl,0.09122414102352541,-1.5855,1060.685
2026-09-07T00:46:04.545603+00:00,full_close,158,DOGEUSDT,Supertrend+ADX,15m,نیویورک,long,short,2026-09-06 20:45:00,,,,,,,,,,,,,1060.685
2026-09-07T01:01:20.712067+00:00,lot_close,156,VETUSDT,Supertrend+ADX,15m,لندن,long,short,2026-09-06 12:30:00,,,,,,3.0,50.0,,lot_a,sl,0.00721338169475573,-3.3892,1057.2958
2026-09-07T01:01:21.077573+00:00,lot_close,156,VETUSDT,Supertrend+ADX,15m,لندن,long,short,2026-09-06 12:30:00,,,,,,3.0,50.0,,lot_b,sl,0.00721338169475573,-3.3892,1053.9067
2026-09-07T01:01:21.437600+00:00,full_close,156,VETUSDT,Supertrend+ADX,15m,لندن,long,short,2026-09-06 12:30:00,,,,,,,,,,,,,1053.9067
2026-09-07T02:46:39.724752+00:00,open,162,SOLUSDT,Supertrend+ADX,15m,آسیا,long,short,2026-09-07 02:30:00,106.79,108.4975240829217,104.22871387561747,101.66742775123492,300.0,3.0,100.0,17.729,,,,,1053.9067
2026-09-07T02:46:43.547539+00:00,lot_close,25,CRVUSDT,Supertrend+ADX,15m,,,short,2026-09-01 19:15:00,,,,,,1.0,50.0,,lot_a,sl,0.3969500793913376,-3.1677,1050.739
2026-09-07T02:46:43.892980+00:00,lot_close,25,CRVUSDT,Supertrend+ADX,15m,,,short,2026-09-01 19:15:00,,,,,,1.0,50.0,,lot_b,sl,0.3969500793913376,-3.1677,1047.5713
2026-09-07T02:46:44.228459+00:00,full_close,25,CRVUSDT,Supertrend+ADX,15m,,,short,2026-09-01 19:15:00,,,,,,,,,,,,,1047.5713
2026-09-07T04:01:20.768904+00:00,lot_close,160,BNBUSDT,Supertrend+ADX,15m,نیویورک,long,short,2026-09-06 21:00:00,,,,,,3.0,50.0,,lot_a,tp1,744.9932548984436,1.4825,1049.0538
2026-09-07T04:01:21.108322+00:00,sl_to_be,160,BNBUSDT,Supertrend+ADX,15m,نیویورک,long,short,2026-09-06 21:00:00,,752.43,,,,,,,,,,,
2026-09-07T07:01:21.297948+00:00,lot_close,53,ONEUSDT,Supertrend+ADX,15m,,,long,2026-09-02 12:45:00,,,,,,1.0,50.0,,lot_a,sl,0.0007375188405027251,-1.2867,1047.7671
2026-09-07T07:01:21.600210+00:00,lot_close,53,ONEUSDT,Supertrend+ADX,15m,,,long,2026-09-02 12:45:00,,,,,,1.0,50.0,,lot_b,sl,0.0007375188405027251,-1.2867,1046.4803
2026-09-07T07:01:21.914920+00:00,full_close,53,ONEUSDT,Supertrend+ADX,15m,,,long,2026-09-02 12:45:00,,,,,,,,,,,,,1046.4803
2026-09-07T07:45:56.697597+00:00,lot_close,162,SOLUSDT,Supertrend+ADX,15m,آسیا,long,short,2026-09-07 02:30:00,,,,,,3.0,50.0,,lot_a,tp1,104.22871387561747,3.5976,1050.078
2026-09-07T07:45:57.156008+00:00,sl_to_be,162,SOLUSDT,Supertrend+ADX,15m,آسیا,long,short,2026-09-07 02:30:00,,106.79,,,,,,,,,,,
2026-09-07T07:46:02.004378+00:00,lot_close,161,CHZUSDT,Supertrend+ADX,15m,نیویورک,long,short,2026-09-06 22:45:00,,,,,,3.0,50.0,,lot_a,tp1,0.013743854420954325,2.8495,1052.9275
2026-09-07T07:46:02.474792+00:00,sl_to_be,161,CHZUSDT,Supertrend+ADX,15m,نیویورک,long,short,2026-09-06 22:45:00,,0.01401,,,,,,,,,,,
2026-09-07T09:16:02.095030+00:00,lot_close,161,CHZUSDT,Supertrend+ADX,15m,نیویورک,long,short,2026-09-06 22:45:00,,,,,,3.0,50.0,,lot_b,sl,0.01401,-0.0,1052.9275
2026-09-07T09:16:02.524752+00:00,full_close,161,CHZUSDT,Supertrend+ADX,15m,نیویورک,long,short,2026-09-06 22:45:00,,,,,,,,,,,,,1052.9275
2026-09-07T13:01:34.845972+00:00,open,163,DOGEUSDT,Supertrend+ADX,15m,لندن,long,short,2026-09-07 12:45:00,0.09135,0.09313608251042124,0.08867087623436815,0.08599175246873628,300.0,3.0,100.0,16.669,,,,,1052.9275
2026-09-07T15:46:10.654544+00:00,lot_close,160,BNBUSDT,Supertrend+ADX,15m,نیویورک,long,short,2026-09-06 21:00:00,,,,,,3.0,50.0,,lot_b,tp2,737.5565097968873,2.9651,1055.8926
2026-09-07T15:46:10.987773+00:00,full_close,160,BNBUSDT,Supertrend+ADX,15m,نیویورک,long,short,2026-09-06 21:00:00,,,,,,,,,,,,,1055.8926
2026-09-07T16:01:29.511586+00:00,lot_close,163,DOGEUSDT,Supertrend+ADX,15m,لندن,long,short,2026-09-07 12:45:00,,,,,,3.0,50.0,,lot_a,tp1,0.08867087623436815,4.3992,1060.2918
2026-09-07T16:01:29.924864+00:00,sl_to_be,163,DOGEUSDT,Supertrend+ADX,15m,لندن,long,short,2026-09-07 12:45:00,,0.09135,,,,,,,,,,,
2026-09-07T16:46:11.300383+00:00,open,164,VETUSDT,Supertrend+ADX,15m,نیویورک,long,short,2026-09-07 16:30:00,0.007227,0.007446775386875333,0.006897336919687001,0.006567673839374,300.0,3.0,100.0,18.12,,,,,1060.2918
2026-09-07T18:46:05.661836+00:00,open,165,CHZUSDT,Supertrend+ADX,15m,نیویورک,long,short,2026-09-07 18:30:00,0.01424,0.014574455571235637,0.013738316643146543,0.013236633286293086,300.0,3.0,100.0,17.163,,,,,1060.2918
2026-09-08T00:16:00.175188+00:00,lot_close,163,DOGEUSDT,Supertrend+ADX,15m,لندن,long,short,2026-09-07 12:45:00,,,,,,3.0,50.0,,lot_b,sl,0.09135,-0.0,1060.2918
2026-09-08T00:16:00.655434+00:00,full_close,163,DOGEUSDT,Supertrend+ADX,15m,لندن,long,short,2026-09-07 12:45:00,,,,,,,,,,,,,1060.2918
2026-09-08T00:46:10.309257+00:00,open,166,DOGEUSDT,Supertrend+ADX,15m,آسیا,long,short,2026-09-08 00:30:00,0.0914,0.09358850304011684,0.08811724543982472,0.08483449087964945,300.0,3.0,100.0,18.187,,,,,1060.2918
2026-09-08T03:31:08.913167+00:00,open,167,BTCUSDT,Supertrend+ADX,15m,آسیا,short,long,2026-09-08 03:15:00,78773.36,78126.98225878784,79742.92661181823,80712.49322363647,300.0,3.0,100.0,17.2,,,,,1060.2918
2026-09-08T07:31:09.223478+00:00,lot_close,164,VETUSDT,Supertrend+ADX,15m,نیویورک,long,short,2026-09-07 16:30:00,,,,,,3.0,50.0,,lot_a,sl,0.007446775386875333,-4.5615,1055.7303
2026-09-08T07:31:09.687612+00:00,lot_close,164,VETUSDT,Supertrend+ADX,15m,نیویورک,long,short,2026-09-07 16:30:00,,,,,,3.0,50.0,,lot_b,sl,0.007446775386875333,-4.5615,1051.1687
2026-09-08T07:31:10.151634+00:00,full_close,164,VETUSDT,Supertrend+ADX,15m,نیویورک,long,short,2026-09-07 16:30:00,,,,,,,,,,,,,1051.1687
2026-09-08T10:16:10.055624+00:00,open,168,GALAUSDT,Supertrend+ADX,15m,لندن,long,short,2026-09-08 10:00:00,0.001932,0.001982116519941745,0.0018568252200873827,0.0017816504401747654,300.0,3.0,100.0,16.058,,,,,1051.1687
2026-09-08T13:46:06.499212+00:00,lot_close,167,BTCUSDT,Supertrend+ADX,15m,آسیا,short,long,2026-09-08 03:15:00,,,,,,3.0,50.0,,lot_a,sl,78126.98225878784,-1.2308,1049.9379
2026-09-08T13:46:06.850645+00:00,lot_close,167,BTCUSDT,Supertrend+ADX,15m,آسیا,short,long,2026-09-08 03:15:00,,,,,,3.0,50.0,,lot_b,sl,78126.98225878784,-1.2308,1048.7071
2026-09-08T13:46:07.204785+00:00,full_close,167,BTCUSDT,Supertrend+ADX,15m,آسیا,short,long,2026-09-08 03:15:00,,,,,,,,,,,,,1048.7071
2026-09-08T13:46:11.495780+00:00,open,169,BNBUSDT,Supertrend+ADX,15m,لندن,short,long,2026-09-08 13:30:00,743.91,729.3921981608146,765.686702758778,787.4634055175561,300.0,3.0,100.0,22.534,,,,,1048.7071
2026-09-08T13:46:12.967732+00:00,lot_close,166,DOGEUSDT,Supertrend+ADX,15m,آسیا,long,short,2026-09-08 00:30:00,,,,,,3.0,50.0,,lot_a,tp1,0.08811724543982472,5.3875,1054.0945
2026-09-08T13:46:13.320825+00:00,sl_to_be,166,DOGEUSDT,Supertrend+ADX,15m,آسیا,long,short,2026-09-08 00:30:00,,0.0914,,,,,,,,,,,
2026-09-08T13:46:21.390852+00:00,lot_close,131,MANAUSDT,Supertrend+ADX,15m,,,long,2026-09-04 12:30:00,,,,,,1.0,50.0,,lot_b,sl,0.0743,0.0,1054.0945
2026-09-08T13:46:21.726755+00:00,full_close,131,MANAUSDT,Supertrend+ADX,15m,,,long,2026-09-04 12:30:00,,,,,,,,,,,,,1054.0945
2026-09-08T13:46:23.123824+00:00,lot_close,168,GALAUSDT,Supertrend+ADX,15m,لندن,long,short,2026-09-08 10:00:00,,,,,,3.0,50.0,,lot_a,tp1,0.0018568252200873827,5.8366,1059.9311
2026-09-08T13:46:23.467332+00:00,sl_to_be,168,GALAUSDT,Supertrend+ADX,15m,لندن,long,short,2026-09-08 10:00:00,,0.001932,,,,,,,,,,,
2026-09-08T15:31:46.736269+00:00,open,170,MANAUSDT,Supertrend+ADX,15m,لندن,long,short,2026-09-08 15:15:00,0.0763,0.07767003759425169,0.0742449436086225,0.07218988721724497,300.0,3.0,100.0,21.161,,,,,1059.9311
2026-09-08T15:31:48.078635+00:00,lot_close,168,GALAUSDT,Supertrend+ADX,15m,لندن,long,short,2026-09-08 10:00:00,,,,,,3.0,50.0,,lot_b,sl,0.001932,-0.0,1059.9311
2026-09-08T15:31:48.469777+00:00,full_close,168,GALAUSDT,Supertrend+ADX,15m,لندن,long,short,2026-09-08 10:00:00,,,,,,,,,,,,,1059.9311
2026-09-08T15:31:48.906197+00:00,open,171,GALAUSDT,Supertrend+ADX,15m,لندن,long,short,2026-09-08 15:15:00,0.00193,0.0020018591312971146,0.0018222113030543284,0.0017144226061086565,300.0,3.0,100.0,20.306,,,,,1059.9311
2026-09-08T20:31:13.362468+00:00,open,172,VETUSDT,Supertrend+ADX,15m,نیویورک,long,short,2026-09-08 20:15:00,0.008061,0.008404891374055756,0.007545162938916367,0.007029325877832733,300.0,3.0,100.0,30.741,,,,,1059.9311
2026-09-09T03:16:00.050252+00:00,open,173,CRVUSDT,Supertrend+ADX,15m,آسیا,short,long,2026-09-09 03:00:00,0.3606,0.35454356611852456,0.36968465082221313,0.37876930164442624,300.0,3.0,100.0,17.82,,,,,1059.9311
2026-09-09T09:01:23.220194+00:00,lot_close,166,DOGEUSDT,Supertrend+ADX,15m,آسیا,long,short,2026-09-08 00:30:00,,,,,,3.0,50.0,,lot_b,sl,0.0914,-0.0,1059.9311
2026-09-09T09:01:23.637864+00:00,full_close,166,DOGEUSDT,Supertrend+ADX,15m,آسیا,long,short,2026-09-08 00:30:00,,,,,,,,,,,,,1059.9311
2026-09-09T10:01:19.289298+00:00,open,174,BTCUSDT,Supertrend+ADX,15m,لندن,short,long,2026-09-09 09:45:00,78952.01,78196.14472337817,80085.80791493274,81219.60582986548,300.0,3.0,100.0,33.909,,,,,1059.9311
2026-09-09T10:01:23.906004+00:00,open,175,DOGEUSDT,Supertrend+ADX,15m,لندن,short,long,2026-09-09 09:45:00,0.09011,0.08871661362461587,0.09220007956307619,0.09429015912615236,300.0,3.0,100.0,21.097,,,,,1059.9311
2026-09-09T15:31:13.382415+00:00,lot_close,174,BTCUSDT,Supertrend+ADX,15m,لندن,short,long,2026-09-09 09:45:00,,,,,,3.0,50.0,,lot_a,sl,78196.14472337817,-1.4361,1058.495
2026-09-09T15:31:13.921200+00:00,lot_close,174,BTCUSDT,Supertrend+ADX,15m,لندن,short,long,2026-09-09 09:45:00,,,,,,3.0,50.0,,lot_b,sl,78196.14472337817,-1.4361,1057.0589
2026-09-09T15:31:14.502466+00:00,full_close,174,BTCUSDT,Supertrend+ADX,15m,لندن,short,long,2026-09-09 09:45:00,,,,,,,,,,,,,1057.0589
2026-09-09T15:31:18.728213+00:00,lot_close,175,DOGEUSDT,Supertrend+ADX,15m,لندن,short,long,2026-09-09 09:45:00,,,,,,3.0,50.0,,lot_a,sl,0.08871661362461587,-2.3195,1054.7395
2026-09-09T15:31:19.322907+00:00,lot_close,175,DOGEUSDT,Supertrend+ADX,15m,لندن,short,long,2026-09-09 09:45:00,,,,,,3.0,50.0,,lot_b,sl,0.08871661362461587,-2.3195,1052.42
2026-09-09T15:31:19.850709+00:00,full_close,175,DOGEUSDT,Supertrend+ADX,15m,لندن,short,long,2026-09-09 09:45:00,,,,,,,,,,,,,1052.42
2026-09-09T15:31:21.241934+00:00,lot_close,173,CRVUSDT,Supertrend+ADX,15m,آسیا,short,long,2026-09-09 03:00:00,,,,,,3.0,50.0,,lot_a,sl,0.35454356611852456,-2.5193,1049.9007
2026-09-09T15:31:21.859736+00:00,lot_close,173,CRVUSDT,Supertrend+ADX,15m,آسیا,short,long,2026-09-09 03:00:00,,,,,,3.0,50.0,,lot_b,sl,0.35454356611852456,-2.5193,1047.3814
2026-09-09T15:31:22.366455+00:00,full_close,173,CRVUSDT,Supertrend+ADX,15m,آسیا,short,long,2026-09-09 03:00:00,,,,,,,,,,,,,1047.3814
2026-09-09T15:31:23.875319+00:00,open,176,CRVUSDT,Supertrend+ADX,15m,لندن,short,long,2026-09-09 15:15:00,0.3569,0.34683942897336734,0.371990856539949,0.38708171307989797,300.0,3.0,100.0,22.067,,,,,1047.3814
2026-09-09T15:31:28.243236+00:00,lot_close,172,VETUSDT,Supertrend+ADX,15m,نیویورک,long,short,2026-09-08 20:15:00,,,,,,3.0,50.0,,lot_a,tp1,0.007545162938916367,9.5988,1056.9801
2026-09-09T15:31:28.860621+00:00,sl_to_be,172,VETUSDT,Supertrend+ADX,15m,نیویورک,long,short,2026-09-08 20:15:00,,0.008061,,,,,,,,,,,
2026-09-09T15:31:30.983139+00:00,lot_close,170,MANAUSDT,Supertrend+ADX,15m,لندن,long,short,2026-09-08 15:15:00,,,,,,3.0,50.0,,lot_a,tp1,0.0742449436086225,4.0401,1061.0202
2026-09-09T15:31:31.526350+00:00,sl_to_be,170,MANAUSDT,Supertrend+ADX,15m,لندن,long,short,2026-09-08 15:15:00,,0.0763,,,,,,,,,,,
2026-09-09T15:31:32.949653+00:00,lot_close,171,GALAUSDT,Supertrend+ADX,15m,لندن,long,short,2026-09-08 15:15:00,,,,,,3.0,50.0,,lot_a,tp1,0.0018222113030543284,8.3774,1069.3976
2026-09-09T15:31:33.536317+00:00,sl_to_be,171,GALAUSDT,Supertrend+ADX,15m,لندن,long,short,2026-09-08 15:15:00,,0.00193,,,,,,,,,,,
2026-09-09T21:31:13.953168+00:00,lot_close,169,BNBUSDT,Supertrend+ADX,15m,لندن,short,long,2026-09-08 13:30:00,,,,,,3.0,50.0,,lot_a,sl,729.3921981608146,-2.9273,1066.4702
2026-09-09T21:31:14.329174+00:00,lot_close,169,BNBUSDT,Supertrend+ADX,15m,لندن,short,long,2026-09-08 13:30:00,,,,,,3.0,50.0,,lot_b,sl,729.3921981608146,-2.9273,1063.5429
2026-09-09T21:31:14.690929+00:00,full_close,169,BNBUSDT,Supertrend+ADX,15m,لندن,short,long,2026-09-08 13:30:00,,,,,,,,,,,,,1063.5429
2026-09-09T22:16:10.549675+00:00,lot_close,162,SOLUSDT,Supertrend+ADX,15m,آسیا,long,short,2026-09-07 02:30:00,,,,,,3.0,50.0,,lot_b,tp2,101.66742775123492,7.1953,1070.7382
2026-09-09T22:16:10.971865+00:00,full_close,162,SOLUSDT,Supertrend+ADX,15m,آسیا,long,short,2026-09-07 02:30:00,,,,,,,,,,,,,1070.7382
2026-09-09T22:16:15.297692+00:00,lot_close,157,ROSEUSDT,Supertrend+ADX,15m,نیویورک,long,short,2026-09-06 16:45:00,,,,,,3.0,50.0,,lot_a,tp1,0.006776610703594999,13.3748,1084.113
2026-09-09T22:16:15.735865+00:00,sl_to_be,157,ROSEUSDT,Supertrend+ADX,15m,نیویورک,long,short,2026-09-06 16:45:00,,0.00744,,,,,,,,,,,
2026-09-09T22:16:20.865465+00:00,lot_close,170,MANAUSDT,Supertrend+ADX,15m,لندن,long,short,2026-09-08 15:15:00,,,,,,3.0,50.0,,lot_b,tp2,0.07218988721724497,8.0802,1092.1932
2026-09-09T22:16:21.289432+00:00,full_close,170,MANAUSDT,Supertrend+ADX,15m,لندن,long,short,2026-09-08 15:15:00,,,,,,,,,,,,,1092.1932
2026-09-10T01:46:04.712286+00:00,lot_close,176,CRVUSDT,Supertrend+ADX,15m,لندن,short,long,2026-09-09 15:15:00,,,,,,3.0,50.0,,lot_a,sl,0.34683942897336734,-4.2283,1087.9648
2026-09-10T01:46:05.093617+00:00,lot_close,176,CRVUSDT,Supertrend+ADX,15m,لندن,short,long,2026-09-09 15:15:00,,,,,,3.0,50.0,,lot_b,sl,0.34683942897336734,-4.2283,1083.7365
2026-09-10T01:46:05.465757+00:00,full_close,176,CRVUSDT,Supertrend+ADX,15m,لندن,short,long,2026-09-09 15:15:00,,,,,,,,,,,,,1083.7365
2026-09-10T04:01:25.870918+00:00,lot_close,172,VETUSDT,Supertrend+ADX,15m,نیویورک,long,short,2026-09-08 20:15:00,,,,,,3.0,50.0,,lot_b,sl,0.008061,-0.0,1083.7365
2026-09-10T04:01:26.254983+00:00,full_close,172,VETUSDT,Supertrend+ADX,15m,نیویورک,long,short,2026-09-08 20:15:00,,,,,,,,,,,,,1083.7365
2026-09-10T07:46:12.721128+00:00,lot_close,165,CHZUSDT,Supertrend+ADX,15m,نیویورک,long,short,2026-09-07 18:30:00,,,,,,3.0,50.0,,lot_a,tp1,0.013738316643146543,5.2846,1089.0211
2026-09-10T07:46:13.108528+00:00,sl_to_be,165,CHZUSDT,Supertrend+ADX,15m,نیویورک,long,short,2026-09-07 18:30:00,,0.01424,,,,,,,,,,,
2026-09-10T11:01:38.822654+00:00,open,177,ONEUSDT,Supertrend+ADX,15m,لندن,short,long,2026-09-10 10:45:00,0.000643,0.0006204952003651255,0.0006767571994523117,0.0007105143989046235,300.0,3.0,100.0,26.713,,,,,1089.0211
2026-09-10T12:46:15.184724+00:00,lot_close,171,GALAUSDT,Supertrend+ADX,15m,لندن,long,short,2026-09-08 15:15:00,,,,,,3.0,50.0,,lot_b,tp2,0.0017144226061086565,16.7547,1105.7758
2026-09-10T12:46:15.820471+00:00,full_close,171,GALAUSDT,Supertrend+ADX,15m,لندن,long,short,2026-09-08 15:15:00,,,,,,,,,,,,,1105.7758
2026-09-10T22:46:08.754152+00:00,open,178,CRVUSDT,Supertrend+ADX,15m,نیویورک,short,long,2026-09-10 22:30:00,0.3374,0.3290208208843639,0.34996876867345406,0.3625375373469082,300.0,3.0,100.0,28.32,,,,,1105.7758
2026-09-10T23:16:10.082914+00:00,open,179,BNBUSDT,Supertrend+ADX,15m,نیویورک,short,long,2026-09-10 23:00:00,709.13,700.8566549623711,721.5400175564434,733.9500351128868,300.0,3.0,100.0,19.758,,,,,1105.7758
2026-09-11T09:46:02.633053+00:00,open,180,BTCUSDT,Supertrend+ADX,15m,لندن,short,long,2026-09-11 09:30:00,76964.22,76404.38755332335,77803.96867001498,78643.71734002995,300.0,3.0,100.0,19.826,,,,,1105.7758
2026-09-11T09:46:13.647550+00:00,open,181,MASKUSDT,Supertrend+ADX,15m,لندن,short,long,2026-09-11 09:30:00,0.436,0.42990625631059665,0.445140615534105,0.45428123106821006,300.0,3.0,100.0,25.865,,,,,1105.7758
2026-09-11T10:31:21.600190+00:00,open,182,VETUSDT,Supertrend+ADX,15m,لندن,short,long,2026-09-11 10:15:00,0.007353,0.007089751015436606,0.007747873476845092,0.008142746953690182,300.0,3.0,100.0,20.792,,,,,1105.7758
2026-09-11T11:16:10.633597+00:00,lot_close,181,MASKUSDT,Supertrend+ADX,15m,لندن,short,long,2026-09-11 09:30:00,,,,,,3.0,50.0,,lot_a,sl,0.42990625631059665,-2.0965,1103.6794
2026-09-11T11:16:11.012975+00:00,lot_close,181,MASKUSDT,Supertrend+ADX,15m,لندن,short,long,2026-09-11 09:30:00,,,,,,3.0,50.0,,lot_b,sl,0.42990625631059665,-2.0965,1101.5829
2026-09-11T11:16:11.362889+00:00,full_close,181,MASKUSDT,Supertrend+ADX,15m,لندن,short,long,2026-09-11 09:30:00,,,,,,,,,,,,,1101.5829
2026-09-11T12:46:06.131455+00:00,lot_close,180,BTCUSDT,Supertrend+ADX,15m,لندن,short,long,2026-09-11 09:30:00,,,,,,3.0,50.0,,lot_a,sl,76404.38755332335,-1.0911,1100.4918
2026-09-11T12:46:06.459716+00:00,lot_close,180,BTCUSDT,Supertrend+ADX,15m,لندن,short,long,2026-09-11 09:30:00,,,,,,3.0,50.0,,lot_b,sl,76404.38755332335,-1.0911,1099.4007
2026-09-11T12:46:06.805859+00:00,full_close,180,BTCUSDT,Supertrend+ADX,15m,لندن,short,long,2026-09-11 09:30:00,,,,,,,,,,,,,1099.4007
2026-09-11T12:46:11.165880+00:00,lot_close,179,BNBUSDT,Supertrend+ADX,15m,نیویورک,short,long,2026-09-10 23:00:00,,,,,,3.0,50.0,,lot_a,tp1,721.5400175564434,2.6251,1102.0258
2026-09-11T12:46:11.486092+00:00,sl_to_be,179,BNBUSDT,Supertrend+ADX,15m,نیویورک,short,long,2026-09-10 23:00:00,,709.13,,,,,,,,,,,
2026-09-11T12:46:11.805108+00:00,lot_close,179,BNBUSDT,Supertrend+ADX,15m,نیویورک,short,long,2026-09-10 23:00:00,,,,,,3.0,50.0,,lot_b,sl,709.13,0.0,1102.0258
2026-09-11T12:46:12.145857+00:00,full_close,179,BNBUSDT,Supertrend+ADX,15m,نیویورک,short,long,2026-09-10 23:00:00,,,,,,,,,,,,,1102.0258
2026-09-11T12:46:14.719267+00:00,lot_close,178,CRVUSDT,Supertrend+ADX,15m,نیویورک,short,long,2026-09-10 22:30:00,,,,,,3.0,50.0,,lot_a,tp1,0.34996876867345406,5.5878,1107.6135
2026-09-11T12:46:15.145005+00:00,sl_to_be,178,CRVUSDT,Supertrend+ADX,15m,نیویورک,short,long,2026-09-10 22:30:00,,0.3374,,,,,,,,,,,
2026-09-11T12:46:15.484635+00:00,lot_close,178,CRVUSDT,Supertrend+ADX,15m,نیویورک,short,long,2026-09-10 22:30:00,,,,,,3.0,50.0,,lot_b,sl,0.3374,0.0,1107.6135
2026-09-11T12:46:15.859695+00:00,full_close,178,CRVUSDT,Supertrend+ADX,15m,نیویورک,short,long,2026-09-10 22:30:00,,,,,,,,,,,,,1107.6135
2026-09-11T12:46:21.600101+00:00,open,183,MASKUSDT,Supertrend+ADX,15m,لندن,long,short,2026-09-11 12:30:00,0.442,0.45410093238841687,0.4238486014173747,0.4056972028347494,300.0,3.0,100.0,26.232,,,,,1107.6135
2026-09-11T14:01:24.792596+00:00,lot_close,128,ETHUSDT,Supertrend+ADX,15m,,,long,2026-09-04 12:30:00,,,,,,1.0,50.0,,lot_a,tp1,2588.006170547249,2.7897,1110.4033
2026-09-11T14:01:25.148056+00:00,sl_to_be,128,ETHUSDT,Supertrend+ADX,15m,,,long,2026-09-04 12:30:00,,2451.24,,,,,,,,,,,
2026-09-11T18:16:02.293986+00:00,open,184,BTCUSDT,Supertrend+ADX,15m,نیویورک,short,long,2026-09-11 18:00:00,77088.01,75551.53268360288,79392.72597459567,81697.44194919133,300.0,3.0,100.0,23.818,,,,,1110.4033
2026-09-11T18:16:15.938648+00:00,open,185,GALAUSDT,Supertrend+ADX,15m,نیویورک,short,long,2026-09-11 18:00:00,0.001673,0.0015903366275554697,0.0017969950586667954,0.0019209901173335908,300.0,3.0,100.0,22.948,,,,,1110.4033
2026-09-12T00:46:08.815828+00:00,lot_close,177,ONEUSDT,Supertrend+ADX,15m,لندن,short,long,2026-09-10 10:45:00,,,,,,3.0,50.0,,lot_a,tp1,0.0006767571994523117,7.8749,1118.2782
2026-09-12T00:46:09.211558+00:00,sl_to_be,177,ONEUSDT,Supertrend+ADX,15m,لندن,short,long,2026-09-10 10:45:00,,0.000643,,,,,,,,,,,
2026-09-12T01:46:07.013607+00:00,lot_close,165,CHZUSDT,Supertrend+ADX,15m,نیویورک,long,short,2026-09-07 18:30:00,,,,,,3.0,50.0,,lot_b,sl,0.01424,-0.0,1118.2782
2026-09-12T01:46:07.315016+00:00,full_close,165,CHZUSDT,Supertrend+ADX,15m,نیویورک,long,short,2026-09-07 18:30:00,,,,,,,,,,,,,1118.2782
2026-09-12T02:46:07.056669+00:00,lot_close,183,MASKUSDT,Supertrend+ADX,15m,لندن,long,short,2026-09-11 12:30:00,,,,,,3.0,50.0,,lot_a,sl,0.45410093238841687,-4.1067,1114.1715
2026-09-12T02:46:07.561919+00:00,lot_close,183,MASKUSDT,Supertrend+ADX,15m,لندن,long,short,2026-09-11 12:30:00,,,,,,3.0,50.0,,lot_b,sl,0.45410093238841687,-4.1067,1110.0649
2026-09-12T02:46:08.065649+00:00,full_close,183,MASKUSDT,Supertrend+ADX,15m,لندن,long,short,2026-09-11 12:30:00,,,,,,,,,,,,,1110.0649
2026-09-12T06:16:13.946563+00:00,lot_close,182,VETUSDT,Supertrend+ADX,15m,لندن,short,long,2026-09-11 10:15:00,,,,,,3.0,50.0,,lot_a,tp1,0.007747873476845092,8.0554,1118.1203
2026-09-12T06:16:14.299193+00:00,sl_to_be,182,VETUSDT,Supertrend+ADX,15m,لندن,short,long,2026-09-11 10:15:00,,0.007353,,,,,,,,,,,
2026-09-12T10:16:03.242440+00:00,open,186,DOGEUSDT,Supertrend+ADX,15m,لندن,long,short,2026-09-12 10:00:00,0.08504,0.08563214391261648,0.0841517841310753,0.08326356826215059,300.0,3.0,100.0,23.79,,,,,1118.1203
2026-09-12T16:01:16.588188+00:00,open,187,CRVUSDT,Supertrend+ADX,15m,لندن,long,short,2026-09-12 15:45:00,0.3417,0.3489479179502772,0.3308281230745842,0.31995624614916846,300.0,3.0,100.0,17.578,,,,,1118.1203
2026-09-13T00:45:59.112648+00:00,open,188,CHZUSDT,Supertrend+ADX,15m,آسیا,long,short,2026-09-13 00:30:00,0.01446,0.014749230888265581,0.01402615366760163,0.013592307335203259,300.0,3.0,100.0,19.27,,,,,1118.1203
2026-09-13T01:16:45.865345+00:00,lot_close,188,CHZUSDT,Supertrend+ADX,15m,آسیا,long,short,2026-09-13 00:30:00,,,,,,3.0,50.0,,lot_a,sl,0.014749230888265581,-3.0003,1115.1199
2026-09-13T01:17:01.168835+00:00,lot_close,188,CHZUSDT,Supertrend+ADX,15m,آسیا,long,short,2026-09-13 00:30:00,,,,,,3.0,50.0,,lot_b,sl,0.014749230888265581,-3.0003,1112.1196
2026-09-13T01:17:16.470276+00:00,full_close,188,CHZUSDT,Supertrend+ADX,15m,آسیا,long,short,2026-09-13 00:30:00,,,,,,,,,,,,,1112.1196
2026-09-13T01:31:11.471958+00:00,open,189,SOLUSDT,Supertrend+ADX,15m,آسیا,long,short,2026-09-13 01:15:00,102.0,102.624691914885,101.06296212767249,100.12592425534498,300.0,3.0,100.0,19.424,,,,,1112.1196
2026-09-13T01:46:05.853119+00:00,open,190,BNBUSDT,Supertrend+ADX,15m,آسیا,long,short,2026-09-13 01:30:00,729.25,732.6505656843343,724.1491514734985,719.0483029469971,300.0,3.0,100.0,28.164,,,,,1112.1196
2026-09-13T06:31:12.909998+00:00,lot_close,190,BNBUSDT,Supertrend+ADX,15m,آسیا,long,short,2026-09-13 01:30:00,,,,,,3.0,50.0,,lot_a,tp1,724.1491514734985,1.0492,1113.1688
2026-09-13T06:31:13.269419+00:00,sl_to_be,190,BNBUSDT,Supertrend+ADX,15m,آسیا,long,short,2026-09-13 01:30:00,,729.25,,,,,,,,,,,
2026-09-13T07:46:03.176148+00:00,lot_close,189,SOLUSDT,Supertrend+ADX,15m,آسیا,long,short,2026-09-13 01:15:00,,,,,,3.0,50.0,,lot_a,tp1,101.06296212767249,1.378,1114.5468
2026-09-13T07:46:03.708314+00:00,sl_to_be,189,SOLUSDT,Supertrend+ADX,15m,آسیا,long,short,2026-09-13 01:15:00,,102.0,,,,,,,,,,,
2026-09-13T08:01:22.892772+00:00,lot_close,186,DOGEUSDT,Supertrend+ADX,15m,لندن,long,short,2026-09-12 10:00:00,,,,,,3.0,50.0,,lot_a,tp1,0.0841517841310753,1.5667,1116.1135
2026-09-13T08:01:23.284200+00:00,sl_to_be,186,DOGEUSDT,Supertrend+ADX,15m,لندن,long,short,2026-09-12 10:00:00,,0.08504,,,,,,,,,,,
2026-09-13T09:02:34.048536+00:00,lot_close,189,SOLUSDT,Supertrend+ADX,15m,آسیا,long,short,2026-09-13 01:15:00,,,,,,3.0,50.0,,lot_b,tp2,100.12592425534498,2.756,1118.8695
2026-09-13T09:02:34.440338+00:00,full_close,189,SOLUSDT,Supertrend+ADX,15m,آسیا,long,short,2026-09-13 01:15:00,,,,,,,,,,,,,1118.8695
2026-09-13T09:02:35.862082+00:00,lot_close,190,BNBUSDT,Supertrend+ADX,15m,آسیا,long,short,2026-09-13 01:30:00,,,,,,3.0,50.0,,lot_b,tp2,719.0483029469971,2.0984,1120.9679
2026-09-13T09:02:36.266065+00:00,full_close,190,BNBUSDT,Supertrend+ADX,15m,آسیا,long,short,2026-09-13 01:30:00,,,,,,,,,,,,,1120.9679
2026-09-13T09:02:38.463486+00:00,lot_close,187,CRVUSDT,Supertrend+ADX,15m,لندن,long,short,2026-09-12 15:45:00,,,,,,3.0,50.0,,lot_a,tp1,0.3308281230745842,4.7726,1125.7404
2026-09-13T09:02:38.857704+00:00,sl_to_be,187,CRVUSDT,Supertrend+ADX,15m,لندن,long,short,2026-09-12 15:45:00,,0.3417,,,,,,,,,,,
2026-09-13T09:31:37.021208+00:00,lot_close,186,DOGEUSDT,Supertrend+ADX,15m,لندن,long,short,2026-09-12 10:00:00,,,,,,3.0,50.0,,lot_b,tp2,0.08326356826215059,3.1334,1128.8739
2026-09-13T09:31:37.475412+00:00,full_close,186,DOGEUSDT,Supertrend+ADX,15m,لندن,long,short,2026-09-12 10:00:00,,,,,,,,,,,,,1128.8739
2026-09-13T09:31:38.734635+00:00,lot_close,187,CRVUSDT,Supertrend+ADX,15m,لندن,long,short,2026-09-12 15:45:00,,,,,,3.0,50.0,,lot_b,sl,0.3417,-0.0,1128.8739
2026-09-13T09:31:39.192166+00:00,full_close,187,CRVUSDT,Supertrend+ADX,15m,لندن,long,short,2026-09-12 15:45:00,,,,,,,,,,,,,1128.8739
2026-09-13T12:16:08.796140+00:00,open,191,CHZUSDT,ICT/SMC Scalp Pro,15m,لندن,long,short,2026-09-13 12:00:00,0.01497,0.015155213772059441,0.01469217934191084,0.014414358683821678,100.0,1.0,100.0,,,,,,1128.8739
2026-09-13T13:01:24.464416+00:00,lot_close,191,CHZUSDT,ICT/SMC Scalp Pro,15m,لندن,long,short,2026-09-13 12:00:00,,,,,,1.0,50.0,,lot_a,sl,0.015155213772059441,-0.6186,1128.2552
2026-09-13T13:01:24.895454+00:00,lot_close,191,CHZUSDT,ICT/SMC Scalp Pro,15m,لندن,long,short,2026-09-13 12:00:00,,,,,,1.0,50.0,,lot_b,sl,0.015155213772059441,-0.6186,1127.6366
2026-09-13T13:01:25.323056+00:00,full_close,191,CHZUSDT,ICT/SMC Scalp Pro,15m,لندن,long,short,2026-09-13 12:00:00,,,,,,,,,,,,,1127.6366
2026-09-13T13:01:27.743580+00:00,open,192,ONEUSDT,ICT/SMC Scalp Pro,15m,لندن,long,short,2026-09-13 12:45:00,0.000707,0.0007135600273118178,0.0006971599590322732,0.0006873199180645465,100.0,1.0,100.0,,,,,,1127.6366
2026-09-13T13:01:31.057228+00:00,open,193,MASKUSDT,ICT/SMC Scalp Pro,15m,لندن,long,short,2026-09-13 12:45:00,0.47,0.4737976218080358,0.4643035672879462,0.45860713457589247,100.0,1.0,100.0,,,,,,1127.6366
2026-09-13T13:16:08.802715+00:00,open,194,CHZUSDT,ICT/SMC Scalp Pro,15m,لندن,long,short,2026-09-13 13:00:00,0.01517,0.015380071286511436,0.014854893070232845,0.014539786140465688,100.0,1.0,100.0,,,,,,1127.6366
2026-09-13T13:31:10.872599+00:00,open,195,BTCUSDT,ICT/SMC Scalp Pro,15m,لندن,short,long,2026-09-13 13:15:00,76584.67,76392.02325032988,76873.64012450518,77162.61024901037,100.0,1.0,100.0,,,,,,1127.6366
2026-09-13T13:31:13.163696+00:00,open,196,ETHUSDT,ICT/SMC Scalp Pro,15m,لندن,short,long,2026-09-13 13:15:00,2467.14,2455.3061495202683,2484.8907757195975,2502.6415514391947,100.0,1.0,100.0,,,,,,1127.6366
2026-09-13T13:31:18.966090+00:00,open,197,DOGEUSDT,ICT/SMC Scalp Pro,15m,لندن,short,long,2026-09-13 13:15:00,0.08292,0.0824957514640819,0.08355637280387712,0.08419274560775426,100.0,1.0,100.0,,,,,,1127.6366
2026-09-13T13:31:25.575799+00:00,lot_close,192,ONEUSDT,ICT/SMC Scalp Pro,15m,لندن,long,short,2026-09-13 12:45:00,,,,,,1.0,50.0,,lot_a,tp1,0.0006971599590322732,0.6959,1128.3325
2026-09-13T13:31:25.909277+00:00,sl_to_be,192,ONEUSDT,ICT/SMC Scalp Pro,15m,لندن,long,short,2026-09-13 12:45:00,,0.000707,,,,,,,,,,,
2026-09-13T14:01:18.074447+00:00,lot_close,195,BTCUSDT,ICT/SMC Scalp Pro,15m,لندن,short,long,2026-09-13 13:15:00,,,,,,1.0,50.0,,lot_a,tp1,76873.64012450518,0.1887,1128.5212
2026-09-13T14:01:18.455941+00:00,sl_to_be,195,BTCUSDT,ICT/SMC Scalp Pro,15m,لندن,short,long,2026-09-13 13:15:00,,76584.67,,,,,,,,,,,
2026-09-13T14:01:25.169468+00:00,open,198,BNBUSDT,ICT/SMC Scalp Pro,15m,لندن,long,short,2026-09-13 13:45:00,718.04,720.5974635500821,714.2038046748767,710.3676093497535,100.0,1.0,100.0,,,,,,1128.5212
2026-09-13T14:01:41.978696+00:00,open,199,GALAUSDT,ICT/SMC Scalp Pro,15m,لندن,long,short,2026-09-13 13:45:00,0.001716,0.0017367205697031802,0.0016849191454452299,0.0016538382908904596,100.0,1.0,100.0,,,,,,1128.5212
2026-09-13T14:16:03.076811+00:00,lot_close,196,ETHUSDT,ICT/SMC Scalp Pro,15m,لندن,short,long,2026-09-13 13:15:00,,,,,,1.0,50.0,,lot_a,tp1,2484.8907757195975,0.3597,1128.8809
2026-09-13T14:16:03.429941+00:00,sl_to_be,196,ETHUSDT,ICT/SMC Scalp Pro,15m,لندن,short,long,2026-09-13 13:15:00,,2467.14,,,,,,,,,,,
2026-09-13T14:16:09.373688+00:00,lot_close,197,DOGEUSDT,ICT/SMC Scalp Pro,15m,لندن,short,long,2026-09-13 13:15:00,,,,,,1.0,50.0,,lot_a,tp1,0.08355637280387712,0.3837,1129.2647
2026-09-13T14:16:09.748511+00:00,sl_to_be,197,DOGEUSDT,ICT/SMC Scalp Pro,15m,لندن,short,long,2026-09-13 13:15:00,,0.08292,,,,,,,,,,,
2026-09-13T14:16:13.998152+00:00,open,200,ROSEUSDT,ICT/SMC Scalp Pro,15m,لندن,long,short,2026-09-13 14:00:00,0.00688,0.006958300676598969,0.006762548985101546,0.0066450979702030915,100.0,1.0,100.0,,,,,,1129.2647
2026-09-13T14:16:19.275390+00:00,signal_skipped_no_margin,,VETUSDT,ICT/SMC Scalp Pro,15m,لندن,long,,2026-09-13 14:00:00,,,,,100.0,1.0,100.0,,,,,,1129.2647
2026-09-13T14:16:20.557780+00:00,lot_close,193,MASKUSDT,ICT/SMC Scalp Pro,15m,لندن,long,short,2026-09-13 12:45:00,,,,,,1.0,50.0,,lot_a,sl,0.4737976218080358,-0.404,1128.8607
2026-09-13T14:16:20.930589+00:00,lot_close,193,MASKUSDT,ICT/SMC Scalp Pro,15m,لندن,long,short,2026-09-13 12:45:00,,,,,,1.0,50.0,,lot_b,sl,0.4737976218080358,-0.404,1128.4566
2026-09-13T14:16:21.292708+00:00,full_close,193,MASKUSDT,ICT/SMC Scalp Pro,15m,لندن,long,short,2026-09-13 12:45:00,,,,,,,,,,,,,1128.4566
2026-09-13T14:45:57.336830+00:00,lot_close,195,BTCUSDT,ICT/SMC Scalp Pro,15m,لندن,short,long,2026-09-13 13:15:00,,,,,,1.0,50.0,,lot_b,tp2,77162.61024901037,0.3773,1128.834
2026-09-13T14:45:57.770218+00:00,full_close,195,BTCUSDT,ICT/SMC Scalp Pro,15m,لندن,short,long,2026-09-13 13:15:00,,,,,,,,,,,,,1128.834
2026-09-13T14:46:12.361374+00:00,open,201,VETUSDT,ICT/SMC Scalp Pro,15m,لندن,long,short,2026-09-13 14:30:00,0.007776,0.007901151653471782,0.007588272519792326,0.00740054503958465,100.0,1.0,100.0,,,,,,1128.834
2026-09-13T14:46:15.599623+00:00,signal_skipped_no_margin,,MANAUSDT,ICT/SMC Scalp Pro,15m,لندن,long,,2026-09-13 14:30:00,,,,,100.0,1.0,100.0,,,,,,1128.834
2026-09-13T15:01:33.309725+00:00,lot_close,194,CHZUSDT,ICT/SMC Scalp Pro,15m,لندن,long,short,2026-09-13 13:00:00,,,,,,1.0,50.0,,lot_a,sl,0.015380071286511436,-0.6924,1128.1416
2026-09-13T15:01:33.685922+00:00,lot_close,194,CHZUSDT,ICT/SMC Scalp Pro,15m,لندن,long,short,2026-09-13 13:00:00,,,,,,1.0,50.0,,lot_b,sl,0.015380071286511436,-0.6924,1127.4492
2026-09-13T15:01:34.098166+00:00,full_close,194,CHZUSDT,ICT/SMC Scalp Pro,15m,لندن,long,short,2026-09-13 13:00:00,,,,,,,,,,,,,1127.4492
2026-09-13T15:46:10.680973+00:00,open,202,CRVUSDT,ICT/SMC Scalp Pro,15m,لندن,long,short,2026-09-13 15:30:00,0.3512,0.35688968583727937,0.342665471244081,0.33413094248816194,100.0,1.0,100.0,,,,,,1127.4492
2026-09-13T15:46:11.992414+00:00,lot_close,200,ROSEUSDT,ICT/SMC Scalp Pro,15m,لندن,long,short,2026-09-13 14:00:00,,,,,,1.0,50.0,,lot_a,tp1,0.006762548985101546,0.8536,1128.3028
2026-09-13T15:46:12.299599+00:00,sl_to_be,200,ROSEUSDT,ICT/SMC Scalp Pro,15m,لندن,long,short,2026-09-13 14:00:00,,0.00688,,,,,,,,,,,
2026-09-13T15:46:23.020976+00:00,lot_close,199,GALAUSDT,ICT/SMC Scalp Pro,15m,لندن,long,short,2026-09-13 13:45:00,,,,,,1.0,50.0,,lot_a,tp1,0.0016849191454452299,0.9056,1129.2084
2026-09-13T15:46:23.347615+00:00,sl_to_be,199,GALAUSDT,ICT/SMC Scalp Pro,15m,لندن,long,short,2026-09-13 13:45:00,,0.001716,,,,,,,,,,,
2026-09-13T16:16:02.935614+00:00,lot_close,196,ETHUSDT,ICT/SMC Scalp Pro,15m,لندن,short,long,2026-09-13 13:15:00,,,,,,1.0,50.0,,lot_b,tp2,2502.6415514391947,0.7195,1129.9279
2026-09-13T16:16:03.279349+00:00,full_close,196,ETHUSDT,ICT/SMC Scalp Pro,15m,لندن,short,long,2026-09-13 13:15:00,,,,,,,,,,,,,1129.9279
2026-09-13T16:16:07.341026+00:00,lot_close,198,BNBUSDT,ICT/SMC Scalp Pro,15m,لندن,long,short,2026-09-13 13:45:00,,,,,,1.0,50.0,,lot_a,sl,720.5974635500821,-0.1781,1129.7498
2026-09-13T16:16:07.712424+00:00,lot_close,198,BNBUSDT,ICT/SMC Scalp Pro,15m,لندن,long,short,2026-09-13 13:45:00,,,,,,1.0,50.0,,lot_b,sl,720.5974635500821,-0.1781,1129.5717
2026-09-13T16:16:08.078228+00:00,full_close,198,BNBUSDT,ICT/SMC Scalp Pro,15m,لندن,long,short,2026-09-13 13:45:00,,,,,,,,,,,,,1129.5717
2026-09-13T16:16:21.372404+00:00,open,203,MASKUSDT,ICT/SMC Scalp Pro,15m,نیویورک,long,short,2026-09-13 16:00:00,0.474,0.4788391221706867,0.4667413167439699,0.45948263348793983,100.0,1.0,100.0,,,,,,1129.5717
2026-09-13T16:31:21.671418+00:00,lot_close,192,ONEUSDT,ICT/SMC Scalp Pro,15m,لندن,long,short,2026-09-13 12:45:00,,,,,,1.0,50.0,,lot_b,tp2,0.0006873199180645465,1.3918,1130.9635
2026-09-13T16:31:22.110318+00:00,full_close,192,ONEUSDT,ICT/SMC Scalp Pro,15m,لندن,long,short,2026-09-13 12:45:00,,,,,,,,,,,,,1130.9635
2026-09-13T17:16:01.854700+00:00,lot_close,197,DOGEUSDT,ICT/SMC Scalp Pro,15m,لندن,short,long,2026-09-13 13:15:00,,,,,,1.0,50.0,,lot_b,tp2,0.08419274560775426,0.7675,1131.7309
2026-09-13T17:16:02.353920+00:00,full_close,197,DOGEUSDT,ICT/SMC Scalp Pro,15m,لندن,short,long,2026-09-13 13:15:00,,,,,,,,,,,,,1131.7309
2026-09-13T17:16:02.828697+00:00,open,204,DOGEUSDT,Supertrend+ADX,15m,نیویورک,long,short,2026-09-13 17:00:00,0.0844,0.08547359586259755,0.08278960620610368,0.08117921241220737,300.0,3.0,100.0,29.57,,,,,1131.7309
2026-09-13T17:31:21.836303+00:00,lot_close,199,GALAUSDT,ICT/SMC Scalp Pro,15m,لندن,long,short,2026-09-13 13:45:00,,,,,,1.0,50.0,,lot_b,sl,0.001716,-0.0,1131.7309
2026-09-13T17:31:22.356881+00:00,full_close,199,GALAUSDT,ICT/SMC Scalp Pro,15m,لندن,long,short,2026-09-13 13:45:00,,,,,,,,,,,,,1131.7309
2026-09-13T17:46:13.440221+00:00,lot_close,200,ROSEUSDT,ICT/SMC Scalp Pro,15m,لندن,long,short,2026-09-13 14:00:00,,,,,,1.0,50.0,,lot_b,sl,0.00688,-0.0,1131.7309
2026-09-13T17:46:13.801111+00:00,full_close,200,ROSEUSDT,ICT/SMC Scalp Pro,15m,لندن,long,short,2026-09-13 14:00:00,,,,,,,,,,,,,1131.7309
2026-09-13T17:46:15.185002+00:00,open,205,ROSEUSDT,ICT/SMC Scalp Pro,15m,نیویورک,long,short,2026-09-13 17:30:00,0.0069,0.006977498688445131,0.006783751967332303,0.006667503934664606,100.0,1.0,100.0,,,,,,1131.7309
2026-09-13T17:46:21.748245+00:00,lot_close,203,MASKUSDT,ICT/SMC Scalp Pro,15m,نیویورک,long,short,2026-09-13 16:00:00,,,,,,1.0,50.0,,lot_a,sl,0.4788391221706867,-0.5105,1131.2205
2026-09-13T17:46:22.135845+00:00,lot_close,203,MASKUSDT,ICT/SMC Scalp Pro,15m,نیویورک,long,short,2026-09-13 16:00:00,,,,,,1.0,50.0,,lot_b,sl,0.4788391221706867,-0.5105,1130.71
2026-09-13T17:46:22.543772+00:00,full_close,203,MASKUSDT,ICT/SMC Scalp Pro,15m,نیویورک,long,short,2026-09-13 16:00:00,,,,,,,,,,,,,1130.71
2026-09-13T18:01:26.059656+00:00,lot_close,205,ROSEUSDT,ICT/SMC Scalp Pro,15m,نیویورک,long,short,2026-09-13 17:30:00,,,,,,1.0,50.0,,lot_a,sl,0.006977498688445131,-0.5616,1130.1485
2026-09-13T18:01:26.388617+00:00,lot_close,205,ROSEUSDT,ICT/SMC Scalp Pro,15m,نیویورک,long,short,2026-09-13 17:30:00,,,,,,1.0,50.0,,lot_b,sl,0.006977498688445131,-0.5616,1129.5869
2026-09-13T18:01:26.741535+00:00,full_close,205,ROSEUSDT,ICT/SMC Scalp Pro,15m,نیویورک,long,short,2026-09-13 17:30:00,,,,,,,,,,,,,1129.5869
2026-09-13T18:01:27.839386+00:00,open,206,ROSEUSDT,ICT/SMC Scalp Pro,15m,نیویورک,long,short,2026-09-13 17:45:00,0.00693,0.0070173916392747655,0.006798912541087852,0.006667825082175705,100.0,1.0,100.0,,,,,,1129.5869
2026-09-13T18:16:13.950653+00:00,lot_close,206,ROSEUSDT,ICT/SMC Scalp Pro,15m,نیویورک,long,short,2026-09-13 17:45:00,,,,,,1.0,50.0,,lot_a,sl,0.0070173916392747655,-0.6305,1128.9563
2026-09-13T18:16:14.282338+00:00,lot_close,206,ROSEUSDT,ICT/SMC Scalp Pro,15m,نیویورک,long,short,2026-09-13 17:45:00,,,,,,1.0,50.0,,lot_b,sl,0.0070173916392747655,-0.6305,1128.3258
2026-09-13T18:16:14.618829+00:00,full_close,206,ROSEUSDT,ICT/SMC Scalp Pro,15m,نیویورک,long,short,2026-09-13 17:45:00,,,,,,,,,,,,,1128.3258
2026-09-13T18:16:26.170310+00:00,open,207,GALAUSDT,ICT/SMC Scalp Pro,15m,نیویورک,long,short,2026-09-13 18:00:00,0.001716,0.001734175596352057,0.0016887366054719145,0.0016614732109438291,100.0,1.0,100.0,,,,,,1128.3258
2026-09-13T19:16:10.776803+00:00,open,208,MANAUSDT,ICT/SMC Scalp Pro,15m,نیویورک,short,long,2026-09-13 19:00:00,0.0763,0.075584775090796,0.07737283736380601,0.07844567472761202,100.0,1.0,100.0,,,,,,1128.3258
2026-09-13T21:46:10.670688+00:00,lot_close,201,VETUSDT,ICT/SMC Scalp Pro,15m,لندن,long,short,2026-09-13 14:30:00,,,,,,1.0,50.0,,lot_a,sl,0.007901151653471782,-0.8047,1127.5211
2026-09-13T21:46:11.748961+00:00,lot_close,201,VETUSDT,ICT/SMC Scalp Pro,15m,لندن,long,short,2026-09-13 14:30:00,,,,,,1.0,50.0,,lot_b,sl,0.007901151653471782,-0.8047,1126.7163
2026-09-13T21:46:12.968679+00:00,full_close,201,VETUSDT,ICT/SMC Scalp Pro,15m,لندن,long,short,2026-09-13 14:30:00,,,,,,,,,,,,,1126.7163
2026-09-13T22:16:04.368280+00:00,open,209,BTCUSDT,ICT/SMC Scalp Pro,15m,نیویورک,short,long,2026-09-13 22:00:00,76934.0,76746.26326289143,77215.60510566286,77497.21021132571,100.0,1.0,100.0,,,,,,1126.7163
2026-09-13T22:16:06.930240+00:00,open,210,ETHUSDT,ICT/SMC Scalp Pro,15m,نیویورک,short,long,2026-09-13 22:00:00,2488.18,2478.1320395802854,2503.2519406295714,2518.323881259143,100.0,1.0,100.0,,,,,,1126.7163
2026-09-13T22:16:08.464791+00:00,open,211,SOLUSDT,Supertrend+ADX,15m,نیویورک,short,long,2026-09-13 22:00:00,100.15,98.54163859351692,102.56254210972463,104.97508421944926,300.0,3.0,100.0,26.758,,,,,1126.7163
2026-09-13T22:16:10.668248+00:00,signal_skipped_no_margin,,BNBUSDT,Supertrend+ADX,15m,نیویورک,short,,2026-09-13 22:00:00,,,,,300.0,3.0,100.0,,,,,,1126.7163
2026-09-13T22:16:14.004753+00:00,signal_skipped_no_margin,,DOGEUSDT,ICT/SMC Scalp Pro,15m,نیویورک,short,,2026-09-13 22:00:00,,,,,100.0,1.0,100.0,,,,,,1126.7163
2026-09-13T22:16:21.081572+00:00,signal_skipped_no_margin,,ONEUSDT,ICT/SMC Scalp Pro,15m,نیویورک,short,,2026-09-13 22:00:00,,,,,100.0,1.0,100.0,,,,,,1126.7163
2026-09-13T22:16:25.911972+00:00,lot_close,208,MANAUSDT,ICT/SMC Scalp Pro,15m,نیویورک,short,long,2026-09-13 19:00:00,,,,,,1.0,50.0,,lot_a,sl,0.075584775090796,-0.4687,1126.2477
2026-09-13T22:16:26.242561+00:00,lot_close,208,MANAUSDT,ICT/SMC Scalp Pro,15m,نیویورک,short,long,2026-09-13 19:00:00,,,,,,1.0,50.0,,lot_b,sl,0.075584775090796,-0.4687,1125.779
2026-09-13T22:16:26.652787+00:00,full_close,208,MANAUSDT,ICT/SMC Scalp Pro,15m,نیویورک,short,long,2026-09-13 19:00:00,,,,,,,,,,,,,1125.779
2026-09-13T22:16:28.643450+00:00,lot_close,207,GALAUSDT,ICT/SMC Scalp Pro,15m,نیویورک,long,short,2026-09-13 18:00:00,,,,,,1.0,50.0,,lot_a,tp1,0.0016887366054719145,0.7944,1126.5733
2026-09-13T22:16:28.975798+00:00,sl_to_be,207,GALAUSDT,ICT/SMC Scalp Pro,15m,نیویورک,long,short,2026-09-13 18:00:00,,0.001716,,,,,,,,,,,
2026-09-13T22:31:03.412277+00:00,lot_close,209,BTCUSDT,ICT/SMC Scalp Pro,15m,نیویورک,short,long,2026-09-13 22:00:00,,,,,,1.0,50.0,,lot_a,sl,76746.26326289143,-0.122,1126.4513
2026-09-13T22:31:03.922238+00:00,lot_close,209,BTCUSDT,ICT/SMC Scalp Pro,15m,نیویورک,short,long,2026-09-13 22:00:00,,,,,,1.0,50.0,,lot_b,sl,76746.26326289143,-0.122,1126.3293
2026-09-13T22:31:04.410393+00:00,full_close,209,BTCUSDT,ICT/SMC Scalp Pro,15m,نیویورک,short,long,2026-09-13 22:00:00,,,,,,,,,,,,,1126.3293
2026-09-13T22:31:06.309503+00:00,lot_close,210,ETHUSDT,ICT/SMC Scalp Pro,15m,نیویورک,short,long,2026-09-13 22:00:00,,,,,,1.0,50.0,,lot_a,sl,2478.1320395802854,-0.2019,1126.1274
2026-09-13T22:31:06.808627+00:00,lot_close,210,ETHUSDT,ICT/SMC Scalp Pro,15m,نیویورک,short,long,2026-09-13 22:00:00,,,,,,1.0,50.0,,lot_b,sl,2478.1320395802854,-0.2019,1125.9255
2026-09-13T22:31:07.320785+00:00,full_close,210,ETHUSDT,ICT/SMC Scalp Pro,15m,نیویورک,short,long,2026-09-13 22:00:00,,,,,,,,,,,,,1125.9255
2026-09-13T22:31:11.948233+00:00,lot_close,204,DOGEUSDT,Supertrend+ADX,15m,نیویورک,long,short,2026-09-13 17:00:00,,,,,,3.0,50.0,,lot_a,tp1,0.08278960620610368,2.8621,1128.7876
2026-09-13T22:31:12.539822+00:00,sl_to_be,204,DOGEUSDT,Supertrend+ADX,15m,نیویورک,long,short,2026-09-13 17:00:00,,0.0844,,,,,,,,,,,
2026-09-13T22:31:23.577112+00:00,lot_close,207,GALAUSDT,ICT/SMC Scalp Pro,15m,نیویورک,long,short,2026-09-13 18:00:00,,,,,,1.0,50.0,,lot_b,tp2,0.0016614732109438291,1.5888,1130.3763
2026-09-13T22:31:24.121792+00:00,full_close,207,GALAUSDT,ICT/SMC Scalp Pro,15m,نیویورک,long,short,2026-09-13 18:00:00,,,,,,,,,,,,,1130.3763
2026-09-13T22:45:59.735638+00:00,open,212,ETHUSDT,ICT/SMC Scalp Pro,15m,نیویورک,short,long,2026-09-13 22:30:00,2474.76,2463.202238210579,2492.0966426841323,2509.4332853682645,100.0,1.0,100.0,,,,,,1130.3763
2026-09-13T22:46:04.566299+00:00,open,213,DOGEUSDT,ICT/SMC Scalp Pro,15m,نیویورک,short,long,2026-09-13 22:30:00,0.08221,0.08162497786249613,0.08308753320625581,0.08396506641251163,100.0,1.0,100.0,,,,,,1130.3763
2026-09-13T22:46:12.034318+00:00,open,214,VETUSDT,ICT/SMC Scalp Pro,15m,نیویورک,short,long,2026-09-13 22:30:00,0.007683,0.007582221552230686,0.007834167671653972,0.00798533534330794,100.0,1.0,100.0,,,,,,1130.3763
2026-09-13T23:16:08.732819+00:00,open,215,ONEUSDT,ICT/SMC Scalp Pro,15m,نیویورک,short,long,2026-09-13 23:00:00,0.000675,0.0006686307789855718,0.0006845538315216424,0.0006941076630432847,100.0,1.0,100.0,,,,,,1130.3763
2026-09-14T00:01:24.104607+00:00,signal_skipped_no_margin,,SOLUSDT,ICT/SMC Scalp Pro,15m,نیویورک,short,,2026-09-13 23:45:00,,,,,100.0,1.0,100.0,,,,,,1130.3763
2026-09-14T00:16:10.463771+00:00,lot_close,215,ONEUSDT,ICT/SMC Scalp Pro,15m,نیویورک,short,long,2026-09-13 23:00:00,,,,,,1.0,50.0,,lot_a,tp1,0.0006845538315216424,0.7077,1131.084
2026-09-14T00:16:10.944523+00:00,sl_to_be,215,ONEUSDT,ICT/SMC Scalp Pro,15m,نیویورک,short,long,2026-09-13 23:00:00,,0.000675,,,,,,,,,,,
2026-09-14T00:16:16.543075+00:00,open,216,MANAUSDT,ICT/SMC Scalp Pro,15m,آسیا,short,long,2026-09-14 00:00:00,0.0747,0.07409763814885442,0.07560354277671838,0.07650708555343674,100.0,1.0,100.0,,,,,,1131.084
2026-09-14T00:31:10.272672+00:00,signal_skipped_no_margin,,BTCUSDT,ICT/SMC Scalp Pro,15m,آسیا,short,,2026-09-14 00:15:00,,,,,100.0,1.0,100.0,,,,,,1131.084
2026-09-14T00:31:16.222792+00:00,signal_skipped_no_margin,,BNBUSDT,ICT/SMC Scalp Pro,15m,آسیا,short,,2026-09-14 00:15:00,,,,,100.0,1.0,100.0,,,,,,1131.084
2026-09-14T00:31:28.004252+00:00,signal_skipped_no_margin,,MASKUSDT,ICT/SMC Scalp Pro,15m,آسیا,short,,2026-09-14 00:15:00,,,,,100.0,1.0,100.0,,,,,,1131.084
2026-09-14T01:16:36.253265+00:00,signal_skipped_no_margin,,BNBUSDT,ICT/SMC Scalp Pro,15m,آسیا,short,,2026-09-14 01:00:00,,,,,100.0,1.0,100.0,,,,,,1131.084
2026-09-14T01:16:41.341224+00:00,signal_skipped_no_margin,,CHZUSDT,Supertrend+ADX,15m,آسیا,long,,2026-09-14 01:00:00,,,,,300.0,3.0,100.0,,,,,,1131.084
2026-09-14T02:01:21.201124+00:00,lot_close,212,ETHUSDT,ICT/SMC Scalp Pro,15m,نیویورک,short,long,2026-09-13 22:30:00,,,,,,1.0,50.0,,lot_a,tp1,2492.0966426841323,0.3503,1131.4343
2026-09-14T02:01:21.545839+00:00,sl_to_be,212,ETHUSDT,ICT/SMC Scalp Pro,15m,نیویورک,short,long,2026-09-13 22:30:00,,2474.76,,,,,,,,,,,
2026-09-14T02:01:26.990170+00:00,lot_close,213,DOGEUSDT,ICT/SMC Scalp Pro,15m,نیویورک,short,long,2026-09-13 22:30:00,,,,,,1.0,50.0,,lot_a,tp1,0.08308753320625581,0.5337,1131.968
2026-09-14T02:01:27.347385+00:00,sl_to_be,213,DOGEUSDT,ICT/SMC Scalp Pro,15m,نیویورک,short,long,2026-09-13 22:30:00,,0.08221,,,,,,,,,,,
2026-09-14T02:16:02.132544+00:00,open,217,BTCUSDT,ICT/SMC Scalp Pro,15m,آسیا,long,short,2026-09-14 02:00:00,77381.48,77766.14741980337,76804.47887029493,76227.47774058988,100.0,1.0,100.0,,,,,,1131.968
2026-09-14T02:16:07.641892+00:00,signal_skipped_no_margin,,BNBUSDT,ICT/SMC Scalp Pro,15m,آسیا,long,,2026-09-14 02:00:00,,,,,100.0,1.0,100.0,,,,,,1131.968
2026-09-14T02:16:14.881230+00:00,lot_close,215,ONEUSDT,ICT/SMC Scalp Pro,15m,نیویورک,short,long,2026-09-13 23:00:00,,,,,,1.0,50.0,,lot_b,tp2,0.0006941076630432847,1.4154,1133.3834
2026-09-14T02:16:15.334749+00:00,full_close,215,ONEUSDT,ICT/SMC Scalp Pro,15m,نیویورک,short,long,2026-09-13 23:00:00,,,,,,,,,,,,,1133.3834
2026-09-14T02:16:16.289637+00:00,signal_skipped_no_margin,,ONEUSDT,ICT/SMC Scalp Pro,15m,آسیا,long,,2026-09-14 02:00:00,,,,,100.0,1.0,100.0,,,,,,1133.3834
2026-09-14T02:16:17.624861+00:00,lot_close,214,VETUSDT,ICT/SMC Scalp Pro,15m,نیویورک,short,long,2026-09-13 22:30:00,,,,,,1.0,50.0,,lot_a,tp1,0.007834167671653972,0.9838,1134.3672
2026-09-14T02:16:18.136163+00:00,sl_to_be,214,VETUSDT,ICT/SMC Scalp Pro,15m,نیویورک,short,long,2026-09-13 22:30:00,,0.007683,,,,,,,,,,,
2026-09-14T02:16:21.570999+00:00,lot_close,216,MANAUSDT,ICT/SMC Scalp Pro,15m,آسیا,short,long,2026-09-14 00:00:00,,,,,,1.0,50.0,,lot_a,tp1,0.07560354277671838,0.6048,1134.972
2026-09-14T02:16:22.025914+00:00,sl_to_be,216,MANAUSDT,ICT/SMC Scalp Pro,15m,آسیا,short,long,2026-09-14 00:00:00,,0.0747,,,,,,,,,,,
2026-09-14T02:16:22.506600+00:00,open,218,MANAUSDT,Supertrend+ADX,15m,آسیا,long,short,2026-09-14 02:00:00,0.0757,0.07698316254131725,0.07377525618802414,0.07185051237604827,300.0,3.0,100.0,25.907,,,,,1134.972
2026-09-14T02:31:12.043297+00:00,lot_close,212,ETHUSDT,ICT/SMC Scalp Pro,15m,نیویورک,short,long,2026-09-13 22:30:00,,,,,,1.0,50.0,,lot_b,tp2,2509.4332853682645,0.7005,1135.6725
2026-09-14T02:31:12.364688+00:00,full_close,212,ETHUSDT,ICT/SMC Scalp Pro,15m,نیویورک,short,long,2026-09-13 22:30:00,,,,,,,,,,,,,1135.6725
2026-09-14T02:31:17.146165+00:00,open,219,BNBUSDT,ICT/SMC Scalp Pro,15m,آسیا,long,short,2026-09-14 02:15:00,723.56,727.7074923774089,717.3387614338865,711.117522867773,100.0,1.0,100.0,,,,,,1135.6725
2026-09-14T02:31:18.439987+00:00,lot_close,213,DOGEUSDT,ICT/SMC Scalp Pro,15m,نیویورک,short,long,2026-09-13 22:30:00,,,,,,1.0,50.0,,lot_b,tp2,0.08396506641251163,1.0674,1136.7399
2026-09-14T02:31:18.766112+00:00,full_close,213,DOGEUSDT,ICT/SMC Scalp Pro,15m,نیویورک,short,long,2026-09-13 22:30:00,,,,,,,,,,,,,1136.7399
2026-09-14T02:31:19.808275+00:00,signal_skipped_no_margin,,DOGEUSDT,ICT/SMC Scalp Pro,15m,آسیا,long,,2026-09-14 02:15:00,,,,,100.0,1.0,100.0,,,,,,1136.7399
2026-09-14T02:46:05.894321+00:00,signal_skipped_no_margin,,CRVUSDT,Supertrend+ADX,15m,آسیا,long,,2026-09-14 02:30:00,,,,,300.0,3.0,100.0,,,,,,1136.7399
2026-09-14T03:15:59.774308+00:00,lot_close,217,BTCUSDT,ICT/SMC Scalp Pro,15m,آسیا,long,short,2026-09-14 02:00:00,,,,,,1.0,50.0,,lot_a,sl,77766.14741980337,-0.2486,1136.4914
2026-09-14T03:16:00.192048+00:00,lot_close,217,BTCUSDT,ICT/SMC Scalp Pro,15m,آسیا,long,short,2026-09-14 02:00:00,,,,,,1.0,50.0,,lot_b,sl,77766.14741980337,-0.2486,1136.2428
2026-09-14T03:16:00.491344+00:00,full_close,217,BTCUSDT,ICT/SMC Scalp Pro,15m,آسیا,long,short,2026-09-14 02:00:00,,,,,,,,,,,,,1136.2428
2026-09-14T03:16:03.565306+00:00,open,220,ETHUSDT,ICT/SMC Scalp Pro,15m,آسیا,long,short,2026-09-14 03:00:00,2518.45,2536.198053465243,2491.827919802135,2465.2058396042703,100.0,1.0,100.0,,,,,,1136.2428
2026-09-14T04:31:17.179270+00:00,signal_skipped_no_margin,,ROSEUSDT,ICT/SMC Scalp Pro,15m,آسیا,long,,2026-09-14 04:15:00,,,,,100.0,1.0,100.0,,,,,,1136.2428
2026-09-14T04:31:21.108885+00:00,lot_close,214,VETUSDT,ICT/SMC Scalp Pro,15m,نیویورک,short,long,2026-09-13 22:30:00,,,,,,1.0,50.0,,lot_b,tp2,0.00798533534330794,1.9676,1138.2104
2026-09-14T04:31:21.594640+00:00,full_close,214,VETUSDT,ICT/SMC Scalp Pro,15m,نیویورک,short,long,2026-09-13 22:30:00,,,,,,,,,,,,,1138.2104
2026-09-14T04:31:22.632960+00:00,open,221,VETUSDT,ICT/SMC Scalp Pro,15m,آسیا,long,short,2026-09-14 04:15:00,0.007974,0.008099959381317584,0.007785060928023625,0.0075961218560472495,100.0,1.0,100.0,,,,,,1138.2104
2026-09-14T05:16:04.368954+00:00,signal_skipped_no_margin,,ROSEUSDT,ICT/SMC Scalp Pro,15m,آسیا,long,,2026-09-14 05:00:00,,,,,100.0,1.0,100.0,,,,,,1138.2104
2026-09-14T05:46:09.034683+00:00,lot_close,202,CRVUSDT,ICT/SMC Scalp Pro,15m,لندن,long,short,2026-09-13 15:30:00,,,,,,1.0,50.0,,lot_a,sl,0.35688968583727937,-0.81,1137.4004
2026-09-14T05:46:09.359308+00:00,lot_close,202,CRVUSDT,ICT/SMC Scalp Pro,15m,لندن,long,short,2026-09-13 15:30:00,,,,,,1.0,50.0,,lot_b,sl,0.35688968583727937,-0.81,1136.5903
2026-09-14T05:46:09.686265+00:00,full_close,202,CRVUSDT,ICT/SMC Scalp Pro,15m,لندن,long,short,2026-09-13 15:30:00,,,,,,,,,,,,,1136.5903
2026-09-14T06:16:05.548672+00:00,open,222,SOLUSDT,ICT/SMC Scalp Pro,15m,آسیا,long,short,2026-09-14 06:00:00,101.75,102.4478961819335,100.70315572709976,99.6563114541995,100.0,1.0,100.0,,,,,,1136.5903
2026-09-14T06:16:08.799019+00:00,lot_close,204,DOGEUSDT,Supertrend+ADX,15m,نیویورک,long,short,2026-09-13 17:00:00,,,,,,3.0,50.0,,lot_b,sl,0.0844,-0.0,1136.5903
2026-09-14T06:16:09.173483+00:00,full_close,204,DOGEUSDT,Supertrend+ADX,15m,نیویورک,long,short,2026-09-13 17:00:00,,,,,,,,,,,,,1136.5903
2026-09-14T06:31:23.653232+00:00,signal_skipped_no_margin,,CHZUSDT,ICT/SMC Scalp Pro,15m,آسیا,long,,2026-09-14 06:15:00,,,,,100.0,1.0,100.0,,,,,,1136.5903
2026-09-14T06:31:30.176900+00:00,lot_close,216,MANAUSDT,ICT/SMC Scalp Pro,15m,آسیا,short,long,2026-09-14 00:00:00,,,,,,1.0,50.0,,lot_b,tp2,0.07650708555343674,1.2096,1137.7999
2026-09-14T06:31:30.486891+00:00,full_close,216,MANAUSDT,ICT/SMC Scalp Pro,15m,آسیا,short,long,2026-09-14 00:00:00,,,,,,,,,,,,,1137.7999
2026-09-14T06:31:31.597971+00:00,open,223,MANAUSDT,ICT/SMC Scalp Pro,15m,آسیا,long,short,2026-09-14 06:15:00,0.0767,0.0771649769685979,0.07600253454710315,0.0753050690942063,100.0,1.0,100.0,,,,,,1137.7999
2026-09-14T06:46:13.198201+00:00,lot_close,177,ONEUSDT,Supertrend+ADX,15m,لندن,short,long,2026-09-10 10:45:00,,,,,,3.0,50.0,,lot_b,tp2,0.0007105143989046235,15.7499,1153.5497
2026-09-14T06:46:13.573460+00:00,full_close,177,ONEUSDT,Supertrend+ADX,15m,لندن,short,long,2026-09-10 10:45:00,,,,,,,,,,,,,1153.5497
2026-09-14T06:46:14.591057+00:00,open,224,ONEUSDT,ICT/SMC Scalp Pro,15m,آسیا,long,short,2026-09-14 06:30:00,0.00071,0.0007164228858766735,0.0007003656711849897,0.0006907313423699795,100.0,1.0,100.0,,,,,,1153.5497
2026-09-14T06:46:21.415679+00:00,signal_skipped_no_margin,,GALAUSDT,ICT/SMC Scalp Pro,15m,آسیا,long,,2026-09-14 06:30:00,,,,,100.0,1.0,100.0,,,,,,1153.5497
2026-09-14T07:16:02.477294+00:00,signal_skipped_no_margin,,BTCUSDT,ICT/SMC Scalp Pro,15m,آسیا,long,,2026-09-14 07:00:00,,,,,100.0,1.0,100.0,,,,,,1153.5497
2026-09-14T07:16:17.848915+00:00,lot_close,221,VETUSDT,ICT/SMC Scalp Pro,15m,آسیا,long,short,2026-09-14 04:15:00,,,,,,1.0,50.0,,lot_a,sl,0.008099959381317584,-0.7898,1152.7599
2026-09-14T07:16:18.253056+00:00,lot_close,221,VETUSDT,ICT/SMC Scalp Pro,15m,آسیا,long,short,2026-09-14 04:15:00,,,,,,1.0,50.0,,lot_b,sl,0.008099959381317584,-0.7898,1151.9701
2026-09-14T07:16:18.689892+00:00,full_close,221,VETUSDT,ICT/SMC Scalp Pro,15m,آسیا,long,short,2026-09-14 04:15:00,,,,,,,,,,,,,1151.9701
2026-09-14T07:16:21.249290+00:00,open,225,MASKUSDT,ICT/SMC Scalp Pro,15m,آسیا,long,short,2026-09-14 07:00:00,0.473,0.4768894111691923,0.46716588324621144,0.46133176649242297,100.0,1.0,100.0,,,,,,1151.9701
2026-09-14T07:16:22.906136+00:00,lot_close,223,MANAUSDT,ICT/SMC Scalp Pro,15m,آسیا,long,short,2026-09-14 06:15:00,,,,,,1.0,50.0,,lot_a,tp1,0.07600253454710315,0.4547,1152.4248
2026-09-14T07:16:23.308885+00:00,sl_to_be,223,MANAUSDT,ICT/SMC Scalp Pro,15m,آسیا,long,short,2026-09-14 06:15:00,,0.0767,,,,,,,,,,,
2026-09-14T07:45:58.608472+00:00,signal_skipped_no_margin,,BTCUSDT,ICT/SMC Scalp Pro,15m,آسیا,long,,2026-09-14 07:30:00,,,,,100.0,1.0,100.0,,,,,,1152.4248
2026-09-14T07:46:07.973666+00:00,signal_skipped_no_margin,,ROSEUSDT,ICT/SMC Scalp Pro,15m,آسیا,long,,2026-09-14 07:30:00,,,,,100.0,1.0,100.0,,,,,,1152.4248
2026-09-14T07:46:10.639514+00:00,lot_close,224,ONEUSDT,ICT/SMC Scalp Pro,15m,آسیا,long,short,2026-09-14 06:30:00,,,,,,1.0,50.0,,lot_a,tp1,0.0007003656711849897,0.6785,1153.1033
2026-09-14T07:46:11.070620+00:00,sl_to_be,224,ONEUSDT,ICT/SMC Scalp Pro,15m,آسیا,long,short,2026-09-14 06:30:00,,0.00071,,,,,,,,,,,
2026-09-14T08:01:19.424517+00:00,open,226,BTCUSDT,ICT/SMC Scalp Pro,15m,آسیا,long,short,2026-09-14 07:45:00,77892.24,78226.64136716606,77390.63794925093,76889.03589850185,100.0,1.0,100.0,,,,,,1153.1033
2026-09-14T09:31:08.583923+00:00,signal_skipped_no_margin,,DOGEUSDT,ICT/SMC Scalp Pro,15m,لندن,long,,2026-09-14 09:15:00,,,,,100.0,1.0,100.0,,,,,,1153.1033
2026-09-14T09:31:16.339383+00:00,lot_close,225,MASKUSDT,ICT/SMC Scalp Pro,15m,آسیا,long,short,2026-09-14 07:00:00,,,,,,1.0,50.0,,lot_a,tp1,0.46716588324621144,0.6167,1153.72
2026-09-14T09:31:16.797345+00:00,sl_to_be,225,MASKUSDT,ICT/SMC Scalp Pro,15m,آسیا,long,short,2026-09-14 07:00:00,,0.473,,,,,,,,,,,
2026-09-14T09:31:20.423084+00:00,signal_skipped_no_margin,,GALAUSDT,ICT/SMC Scalp Pro,15m,لندن,long,,2026-09-14 09:15:00,,,,,100.0,1.0,100.0,,,,,,1153.72
2026-09-14T10:01:21.098093+00:00,lot_close,226,BTCUSDT,ICT/SMC Scalp Pro,15m,آسیا,long,short,2026-09-14 07:45:00,,,,,,1.0,50.0,,lot_a,sl,78226.64136716606,-0.2147,1153.5053
2026-09-14T10:01:21.420663+00:00,lot_close,226,BTCUSDT,ICT/SMC Scalp Pro,15m,آسیا,long,short,2026-09-14 07:45:00,,,,,,1.0,50.0,,lot_b,sl,78226.64136716606,-0.2147,1153.2907
2026-09-14T10:01:21.756202+00:00,full_close,226,BTCUSDT,ICT/SMC Scalp Pro,15m,آسیا,long,short,2026-09-14 07:45:00,,,,,,,,,,,,,1153.2907
2026-09-14T10:01:27.710095+00:00,lot_close,219,BNBUSDT,ICT/SMC Scalp Pro,15m,آسیا,long,short,2026-09-14 02:15:00,,,,,,1.0,50.0,,lot_a,sl,727.7074923774089,-0.2866,1153.0041
2026-09-14T10:01:28.016252+00:00,lot_close,219,BNBUSDT,ICT/SMC Scalp Pro,15m,آسیا,long,short,2026-09-14 02:15:00,,,,,,1.0,50.0,,lot_b,sl,727.7074923774089,-0.2866,1152.7175
2026-09-14T10:01:28.343215+00:00,full_close,219,BNBUSDT,ICT/SMC Scalp Pro,15m,آسیا,long,short,2026-09-14 02:15:00,,,,,,,,,,,,,1152.7175
2026-09-14T10:01:29.412356+00:00,open,227,BNBUSDT,ICT/SMC Scalp Pro,15m,لندن,long,short,2026-09-14 09:45:00,724.76,727.9853363936745,719.9219954094882,715.0839908189764,100.0,1.0,100.0,,,,,,1152.7175
2026-09-14T10:01:31.443457+00:00,open,228,DOGEUSDT,ICT/SMC Scalp Pro,15m,لندن,long,short,2026-09-14 09:45:00,0.08444,0.08497815248049186,0.08363277127926222,0.08282554255852444,100.0,1.0,100.0,,,,,,1152.7175
2026-09-14T10:16:08.956797+00:00,lot_close,224,ONEUSDT,ICT/SMC Scalp Pro,15m,آسیا,long,short,2026-09-14 06:30:00,,,,,,1.0,50.0,,lot_b,tp2,0.0006907313423699795,1.3569,1154.0744
2026-09-14T10:16:09.470563+00:00,full_close,224,ONEUSDT,ICT/SMC Scalp Pro,15m,آسیا,long,short,2026-09-14 06:30:00,,,,,,,,,,,,,1154.0744
2026-09-14T10:46:23.950123+00:00,lot_close,223,MANAUSDT,ICT/SMC Scalp Pro,15m,آسیا,long,short,2026-09-14 06:15:00,,,,,,1.0,50.0,,lot_b,tp2,0.0753050690942063,0.9093,1154.9837
2026-09-14T10:46:24.262688+00:00,full_close,223,MANAUSDT,ICT/SMC Scalp Pro,15m,آسیا,long,short,2026-09-14 06:15:00,,,,,,,,,,,,,1154.9837
2026-09-14T12:46:20.972930+00:00,open,229,MASKUSDT,Supertrend+ADX,15m,لندن,short,long,2026-09-14 12:30:00,0.463,0.45583909886076,0.47374135170886,0.48448270341772004,300.0,3.0,100.0,19.742,,,,,1154.9837
2026-09-14T13:01:28.416144+00:00,lot_close,227,BNBUSDT,ICT/SMC Scalp Pro,15m,لندن,long,short,2026-09-14 09:45:00,,,,,,1.0,50.0,,lot_a,tp1,719.9219954094882,0.3338,1155.3175
2026-09-14T13:01:28.846165+00:00,sl_to_be,227,BNBUSDT,ICT/SMC Scalp Pro,15m,لندن,long,short,2026-09-14 09:45:00,,724.76,,,,,,,,,,,
2026-09-14T13:01:30.760576+00:00,lot_close,228,DOGEUSDT,ICT/SMC Scalp Pro,15m,لندن,long,short,2026-09-14 09:45:00,,,,,,1.0,50.0,,lot_a,tp1,0.08363277127926222,0.478,1155.7955
2026-09-14T13:01:31.234911+00:00,sl_to_be,228,DOGEUSDT,ICT/SMC Scalp Pro,15m,لندن,long,short,2026-09-14 09:45:00,,0.08444,,,,,,,,,,,
2026-09-14T13:01:40.600984+00:00,open,230,VETUSDT,ICT/SMC Scalp Pro,15m,لندن,short,long,2026-09-14 12:45:00,0.007677,0.00758042468235664,0.00782186297646504,0.00796672595293008,100.0,1.0,100.0,,,,,,1155.7955
2026-09-14T13:01:41.929996+00:00,lot_close,225,MASKUSDT,ICT/SMC Scalp Pro,15m,آسیا,long,short,2026-09-14 07:00:00,,,,,,1.0,50.0,,lot_b,tp2,0.46133176649242297,1.2334,1157.0289
2026-09-14T13:01:42.339198+00:00,full_close,225,MASKUSDT,ICT/SMC Scalp Pro,15m,آسیا,long,short,2026-09-14 07:00:00,,,,,,,,,,,,,1157.0289
2026-09-14T13:01:43.873890+00:00,open,231,MASKUSDT,ICT/SMC Scalp Pro,15m,لندن,short,long,2026-09-14 12:45:00,0.459,0.45548348793494364,0.4642747680975846,0.46954953619516915,100.0,1.0,100.0,,,,,,1157.0289
2026-09-14T13:16:06.173674+00:00,lot_close,220,ETHUSDT,ICT/SMC Scalp Pro,15m,آسیا,long,short,2026-09-14 03:00:00,,,,,,1.0,50.0,,lot_a,tp1,2491.827919802135,0.5285,1157.5575
2026-09-14T13:16:06.535018+00:00,sl_to_be,220,ETHUSDT,ICT/SMC Scalp Pro,15m,آسیا,long,short,2026-09-14 03:00:00,,2518.45,,,,,,,,,,,
2026-09-14T13:16:09.093580+00:00,lot_close,222,SOLUSDT,ICT/SMC Scalp Pro,15m,آسیا,long,short,2026-09-14 06:00:00,,,,,,1.0,50.0,,lot_a,tp1,100.70315572709976,0.5144,1158.0719
2026-09-14T13:16:09.439425+00:00,sl_to_be,222,SOLUSDT,ICT/SMC Scalp Pro,15m,آسیا,long,short,2026-09-14 06:00:00,,101.75,,,,,,,,,,,
2026-09-14T13:16:13.415076+00:00,open,232,DOGEUSDT,Supertrend+ADX,15m,لندن,short,long,2026-09-14 13:00:00,0.08348,0.08229313099512589,0.08526030350731116,0.08704060701462232,300.0,3.0,100.0,16.317,,,,,1158.0719
2026-09-14T13:31:07.384006+00:00,signal_skipped_no_margin,,BTCUSDT,ICT/SMC Scalp Pro,15m,لندن,long,,2026-09-14 13:15:00,,,,,100.0,1.0,100.0,,,,,,1158.0719
2026-09-14T13:46:03.878405+00:00,signal_skipped_no_margin,,BTCUSDT,ICT/SMC Scalp Pro,15m,لندن,long,,2026-09-14 13:30:00,,,,,100.0,1.0,100.0,,,,,,1158.0719
2026-09-14T13:46:07.285694+00:00,lot_close,222,SOLUSDT,ICT/SMC Scalp Pro,15m,آسیا,long,short,2026-09-14 06:00:00,,,,,,1.0,50.0,,lot_b,sl,101.75,-0.0,1158.0719
2026-09-14T13:46:07.653212+00:00,full_close,222,SOLUSDT,ICT/SMC Scalp Pro,15m,آسیا,long,short,2026-09-14 06:00:00,,,,,,,,,,,,,1158.0719
2026-09-14T14:01:17.154415+00:00,signal_skipped_no_margin,,BTCUSDT,ICT/SMC Scalp Pro,15m,لندن,long,,2026-09-14 13:45:00,,,,,100.0,1.0,100.0,,,,,,1158.0719
2026-09-14T15:01:29.090768+00:00,signal_skipped_no_margin,,ROSEUSDT,ICT/SMC Scalp Pro,15m,لندن,short,,2026-09-14 14:45:00,,,,,100.0,1.0,100.0,,,,,,1158.0719
2026-09-14T15:16:05.826564+00:00,signal_skipped_no_margin,,CRVUSDT,ICT/SMC Scalp Pro,15m,لندن,long,,2026-09-14 15:00:00,,,,,100.0,1.0,100.0,,,,,,1158.0719
2026-09-14T16:31:12.201817+00:00,lot_close,220,ETHUSDT,ICT/SMC Scalp Pro,15m,آسیا,long,short,2026-09-14 03:00:00,,,,,,1.0,50.0,,lot_b,sl,2518.45,-0.0,1158.0719
2026-09-14T16:31:12.541797+00:00,full_close,220,ETHUSDT,ICT/SMC Scalp Pro,15m,آسیا,long,short,2026-09-14 03:00:00,,,,,,,,,,,,,1158.0719
2026-09-14T16:31:14.772413+00:00,lot_close,211,SOLUSDT,Supertrend+ADX,15m,نیویورک,short,long,2026-09-13 22:00:00,,,,,,3.0,50.0,,lot_a,tp1,102.56254210972463,3.6134,1161.6853
2026-09-14T16:31:15.111286+00:00,sl_to_be,211,SOLUSDT,Supertrend+ADX,15m,نیویورک,short,long,2026-09-13 22:00:00,,100.15,,,,,,,,,,,
2026-09-14T16:31:17.363784+00:00,lot_close,227,BNBUSDT,ICT/SMC Scalp Pro,15m,لندن,long,short,2026-09-14 09:45:00,,,,,,1.0,50.0,,lot_b,sl,724.76,-0.0,1161.6853
2026-09-14T16:31:17.763122+00:00,full_close,227,BNBUSDT,ICT/SMC Scalp Pro,15m,لندن,long,short,2026-09-14 09:45:00,,,,,,,,,,,,,1161.6853
2026-09-14T16:31:19.811836+00:00,lot_close,228,DOGEUSDT,ICT/SMC Scalp Pro,15m,لندن,long,short,2026-09-14 09:45:00,,,,,,1.0,50.0,,lot_b,sl,0.08444,-0.0,1161.6853
2026-09-14T16:31:20.130947+00:00,full_close,228,DOGEUSDT,ICT/SMC Scalp Pro,15m,لندن,long,short,2026-09-14 09:45:00,,,,,,,,,,,,,1161.6853
2026-09-14T17:01:36.566097+00:00,lot_close,231,MASKUSDT,ICT/SMC Scalp Pro,15m,لندن,short,long,2026-09-14 12:45:00,,,,,,1.0,50.0,,lot_a,tp1,0.4642747680975846,0.5746,1162.2599
2026-09-14T17:01:36.896173+00:00,sl_to_be,231,MASKUSDT,ICT/SMC Scalp Pro,15m,لندن,short,long,2026-09-14 12:45:00,,0.459,,,,,,,,,,,
2026-09-14T18:46:08.388128+00:00,lot_close,230,VETUSDT,ICT/SMC Scalp Pro,15m,لندن,short,long,2026-09-14 12:45:00,,,,,,1.0,50.0,,lot_a,tp1,0.00782186297646504,0.9435,1163.2034
2026-09-14T18:46:08.909200+00:00,sl_to_be,230,VETUSDT,ICT/SMC Scalp Pro,15m,لندن,short,long,2026-09-14 12:45:00,,0.007677,,,,,,,,,,,
2026-09-14T19:01:17.493258+00:00,lot_close,232,DOGEUSDT,Supertrend+ADX,15m,لندن,short,long,2026-09-14 13:00:00,,,,,,3.0,50.0,,lot_a,tp1,0.08526030350731116,3.1989,1166.4023
2026-09-14T19:01:18.043337+00:00,sl_to_be,232,DOGEUSDT,Supertrend+ADX,15m,لندن,short,long,2026-09-14 13:00:00,,0.08348,,,,,,,,,,,
2026-09-14T20:01:28.173973+00:00,open,233,ROSEUSDT,ICT/SMC Scalp Pro,15m,نیویورک,short,long,2026-09-14 19:45:00,0.0068,0.006732405294042869,0.006901392058935695,0.00700278411787139,100.0,1.0,100.0,,,,,,1166.4023
2026-09-14T20:31:08.701604+00:00,lot_close,184,BTCUSDT,Supertrend+ADX,15m,نیویورک,short,long,2026-09-11 18:00:00,,,,,,3.0,50.0,,lot_a,tp1,79392.72597459567,4.4846,1170.8869
2026-09-14T20:31:09.036351+00:00,sl_to_be,184,BTCUSDT,Supertrend+ADX,15m,نیویورک,short,long,2026-09-11 18:00:00,,77088.01,,,,,,,,,,,
2026-09-14T20:31:11.919766+00:00,open,234,ETHUSDT,ICT/SMC Scalp Pro,15m,نیویورک,long,short,2026-09-14 20:15:00,2599.05,2624.3248483317543,2561.1377275023688,2523.225455004738,100.0,1.0,100.0,,,,,,1170.8869
2026-09-14T20:31:14.070346+00:00,open,235,SOLUSDT,ICT/SMC Scalp Pro,15m,نیویورک,long,short,2026-09-14 20:15:00,104.56,105.43804598506148,103.24293102240779,101.92586204481557,100.0,1.0,100.0,,,,,,1170.8869
2026-09-14T20:31:22.995062+00:00,open,236,CHZUSDT,ICT/SMC Scalp Pro,15m,نیویورک,long,short,2026-09-14 20:15:00,0.01467,0.014812369059127415,0.014456446411308879,0.014242892822617757,100.0,1.0,100.0,,,,,,1170.8869
2026-09-14T20:31:24.325417+00:00,signal_skipped_no_margin,,ONEUSDT,Supertrend+ADX,15m,نیویورک,long,,2026-09-14 20:15:00,,,,,300.0,3.0,100.0,,,,,,1170.8869
2026-09-14T20:31:28.308540+00:00,lot_close,231,MASKUSDT,ICT/SMC Scalp Pro,15m,لندن,short,long,2026-09-14 12:45:00,,,,,,1.0,50.0,,lot_b,tp2,0.46954953619516915,1.1492,1172.036
2026-09-14T20:31:28.644780+00:00,full_close,231,MASKUSDT,ICT/SMC Scalp Pro,15m,لندن,short,long,2026-09-14 12:45:00,,,,,,,,,,,,,1172.036
2026-09-14T20:46:09.875976+00:00,lot_close,233,ROSEUSDT,ICT/SMC Scalp Pro,15m,نیویورک,short,long,2026-09-14 19:45:00,,,,,,1.0,50.0,,lot_a,tp1,0.006901392058935695,0.7455,1172.7816
2026-09-14T20:46:10.224387+00:00,sl_to_be,233,ROSEUSDT,ICT/SMC Scalp Pro,15m,نیویورک,short,long,2026-09-14 19:45:00,,0.0068,,,,,,,,,,,
2026-09-14T20:46:15.701217+00:00,lot_close,230,VETUSDT,ICT/SMC Scalp Pro,15m,لندن,short,long,2026-09-14 12:45:00,,,,,,1.0,50.0,,lot_b,tp2,0.00796672595293008,1.887,1174.6685
2026-09-14T20:46:16.042362+00:00,full_close,230,VETUSDT,ICT/SMC Scalp Pro,15m,لندن,short,long,2026-09-14 12:45:00,,,,,,,,,,,,,1174.6685
2026-09-14T21:16:01.796016+00:00,lot_close,234,ETHUSDT,ICT/SMC Scalp Pro,15m,نیویورک,long,short,2026-09-14 20:15:00,,,,,,1.0,50.0,,lot_a,tp1,2561.1377275023688,0.7293,1175.3979
2026-09-14T21:16:02.227759+00:00,sl_to_be,234,ETHUSDT,ICT/SMC Scalp Pro,15m,نیویورک,long,short,2026-09-14 20:15:00,,2599.05,,,,,,,,,,,
2026-09-14T21:16:06.300101+00:00,open,237,BNBUSDT,ICT/SMC Scalp Pro,15m,نیویورک,short,long,2026-09-14 21:00:00,724.09,719.767406469129,730.5738902963066,737.0577805926131,100.0,1.0,100.0,,,,,,1175.3979
2026-09-14T21:16:09.506186+00:00,open,238,CRVUSDT,ICT/SMC Scalp Pro,15m,نیویورک,short,long,2026-09-14 21:00:00,0.3517,0.34697683481875646,0.3587847477718653,0.36586949554373066,100.0,1.0,100.0,,,,,,1175.3979
2026-09-14T21:16:14.575880+00:00,signal_skipped_no_margin,,ONEUSDT,ICT/SMC Scalp Pro,15m,نیویورک,short,,2026-09-14 21:00:00,,,,,100.0,1.0,100.0,,,,,,1175.3979
2026-09-14T21:16:19.708276+00:00,signal_skipped_no_margin,,MANAUSDT,ICT/SMC Scalp Pro,15m,نیویورک,short,,2026-09-14 21:00:00,,,,,100.0,1.0,100.0,,,,,,1175.3979
2026-09-14T21:31:18.380634+00:00,signal_skipped_no_margin,,ONEUSDT,ICT/SMC Scalp Pro,15m,نیویورک,long,,2026-09-14 21:15:00,,,,,100.0,1.0,100.0,,,,,,1175.3979
2026-09-14T21:46:00.807151+00:00,lot_close,235,SOLUSDT,ICT/SMC Scalp Pro,15m,نیویورک,long,short,2026-09-14 20:15:00,,,,,,1.0,50.0,,lot_a,tp1,103.24293102240779,0.6298,1176.0277
2026-09-14T21:46:01.246356+00:00,sl_to_be,235,SOLUSDT,ICT/SMC Scalp Pro,15m,نیویورک,long,short,2026-09-14 20:15:00,,104.56,,,,,,,,,,,
2026-09-14T21:46:10.851314+00:00,open,239,ONEUSDT,ICT/SMC Scalp Pro,15m,نیویورک,long,short,2026-09-14 21:30:00,0.000704,0.0007100695007791336,0.0006948957488312995,0.0006857914976625992,100.0,1.0,100.0,,,,,,1176.0277
2026-09-14T22:01:23.978647+00:00,lot_close,239,ONEUSDT,ICT/SMC Scalp Pro,15m,نیویورک,long,short,2026-09-14 21:30:00,,,,,,1.0,50.0,,lot_a,sl,0.0007100695007791336,-0.4311,1175.5966
2026-09-14T22:01:24.499155+00:00,lot_close,239,ONEUSDT,ICT/SMC Scalp Pro,15m,نیویورک,long,short,2026-09-14 21:30:00,,,,,,1.0,50.0,,lot_b,sl,0.0007100695007791336,-0.4311,1175.1656
2026-09-14T22:01:24.996016+00:00,full_close,239,ONEUSDT,ICT/SMC Scalp Pro,15m,نیویورک,long,short,2026-09-14 21:30:00,,,,,,,,,,,,,1175.1656
2026-09-14T22:01:26.014600+00:00,open,240,ONEUSDT,ICT/SMC Scalp Pro,15m,نیویورک,long,short,2026-09-14 21:45:00,0.000711,0.0007176645364390527,0.0007010031953414211,0.0006910063906828421,100.0,1.0,100.0,,,,,,1175.1656
2026-09-14T22:16:11.104349+00:00,lot_close,240,ONEUSDT,ICT/SMC Scalp Pro,15m,نیویورک,long,short,2026-09-14 21:45:00,,,,,,1.0,50.0,,lot_a,sl,0.0007176645364390527,-0.4687,1174.6969
2026-09-14T22:16:11.513671+00:00,lot_close,240,ONEUSDT,ICT/SMC Scalp Pro,15m,نیویورک,long,short,2026-09-14 21:45:00,,,,,,1.0,50.0,,lot_b,sl,0.0007176645364390527,-0.4687,1174.2282
2026-09-14T22:16:11.989631+00:00,full_close,240,ONEUSDT,ICT/SMC Scalp Pro,15m,نیویورک,long,short,2026-09-14 21:45:00,,,,,,,,,,,,,1174.2282
2026-09-14T22:16:13.512777+00:00,open,241,ONEUSDT,ICT/SMC Scalp Pro,15m,نیویورک,long,short,2026-09-14 22:00:00,0.00072,0.0007277313552639774,0.0007084029671040339,0.0006968059342080679,100.0,1.0,100.0,,,,,,1174.2282
2026-09-14T22:46:05.159549+00:00,lot_close,241,ONEUSDT,ICT/SMC Scalp Pro,15m,نیویورک,long,short,2026-09-14 22:00:00,,,,,,1.0,50.0,,lot_a,tp1,0.0007084029671040339,0.8053,1175.0336
2026-09-14T22:46:05.654608+00:00,sl_to_be,241,ONEUSDT,ICT/SMC Scalp Pro,15m,نیویورک,long,short,2026-09-14 22:00:00,,0.00072,,,,,,,,,,,
2026-09-14T23:01:20.083382+00:00,lot_close,237,BNBUSDT,ICT/SMC Scalp Pro,15m,نیویورک,short,long,2026-09-14 21:00:00,,,,,,1.0,50.0,,lot_a,sl,719.767406469129,-0.2985,1174.7351
2026-09-14T23:01:20.443841+00:00,lot_close,237,BNBUSDT,ICT/SMC Scalp Pro,15m,نیویورک,short,long,2026-09-14 21:00:00,,,,,,1.0,50.0,,lot_b,sl,719.767406469129,-0.2985,1174.4366
2026-09-14T23:01:20.834798+00:00,full_close,237,BNBUSDT,ICT/SMC Scalp Pro,15m,نیویورک,short,long,2026-09-14 21:00:00,,,,,,,,,,,,,1174.4366
2026-09-14T23:01:21.342140+00:00,open,242,BNBUSDT,Supertrend+ADX,15m,نیویورک,short,long,2026-09-14 22:45:00,722.6,715.4337039142105,733.3494441286844,744.0988882573687,300.0,3.0,100.0,18.539,,,,,1174.4366
2026-09-14T23:01:26.440131+00:00,lot_close,233,ROSEUSDT,ICT/SMC Scalp Pro,15m,نیویورک,short,long,2026-09-14 19:45:00,,,,,,1.0,50.0,,lot_b,sl,0.0068,0.0,1174.4366
2026-09-14T23:01:26.806598+00:00,full_close,233,ROSEUSDT,ICT/SMC Scalp Pro,15m,نیویورک,short,long,2026-09-14 19:45:00,,,,,,,,,,,,,1174.4366
2026-09-14T23:16:11.151457+00:00,open,243,VETUSDT,ICT/SMC Scalp Pro,15m,نیویورک,short,long,2026-09-14 23:00:00,0.00767,0.0075798620374976835,0.007805206943753474,0.007940413887506948,100.0,1.0,100.0,,,,,,1174.4366
2026-09-14T23:31:03.756681+00:00,lot_close,234,ETHUSDT,ICT/SMC Scalp Pro,15m,نیویورک,long,short,2026-09-14 20:15:00,,,,,,1.0,50.0,,lot_b,tp2,2523.225455004738,1.4587,1175.8953
2026-09-14T23:31:04.291075+00:00,full_close,234,ETHUSDT,ICT/SMC Scalp Pro,15m,نیویورک,long,short,2026-09-14 20:15:00,,,,,,,,,,,,,1175.8953
2026-09-15T00:01:17.582714+00:00,lot_close,238,CRVUSDT,ICT/SMC Scalp Pro,15m,نیویورک,short,long,2026-09-14 21:00:00,,,,,,1.0,50.0,,lot_a,sl,0.34697683481875646,-0.6715,1175.2238
2026-09-15T00:01:18.033422+00:00,lot_close,238,CRVUSDT,ICT/SMC Scalp Pro,15m,نیویورک,short,long,2026-09-14 21:00:00,,,,,,1.0,50.0,,lot_b,sl,0.34697683481875646,-0.6715,1174.5523
2026-09-15T00:01:18.480350+00:00,full_close,238,CRVUSDT,ICT/SMC Scalp Pro,15m,نیویورک,short,long,2026-09-14 21:00:00,,,,,,,,,,,,,1174.5523
2026-09-15T00:16:04.812344+00:00,lot_close,243,VETUSDT,ICT/SMC Scalp Pro,15m,نیویورک,short,long,2026-09-14 23:00:00,,,,,,1.0,50.0,,lot_a,sl,0.0075798620374976835,-0.5876,1173.9647
2026-09-15T00:16:05.262346+00:00,lot_close,243,VETUSDT,ICT/SMC Scalp Pro,15m,نیویورک,short,long,2026-09-14 23:00:00,,,,,,1.0,50.0,,lot_b,sl,0.0075798620374976835,-0.5876,1173.3771
2026-09-15T00:16:05.751635+00:00,full_close,243,VETUSDT,ICT/SMC Scalp Pro,15m,نیویورک,short,long,2026-09-14 23:00:00,,,,,,,,,,,,,1173.3771
2026-09-15T00:31:18.645218+00:00,lot_close,236,CHZUSDT,ICT/SMC Scalp Pro,15m,نیویورک,long,short,2026-09-14 20:15:00,,,,,,1.0,50.0,,lot_a,tp1,0.014456446411308879,0.7279,1174.105
2026-09-15T00:31:19.000728+00:00,sl_to_be,236,CHZUSDT,ICT/SMC Scalp Pro,15m,نیویورک,long,short,2026-09-14 20:15:00,,0.01467,,,,,,,,,,,
2026-09-15T02:16:10.789456+00:00,lot_close,241,ONEUSDT,ICT/SMC Scalp Pro,15m,نیویورک,long,short,2026-09-14 22:00:00,,,,,,1.0,50.0,,lot_b,sl,0.00072,-0.0,1174.105
2026-09-15T02:16:11.253762+00:00,full_close,241,ONEUSDT,ICT/SMC Scalp Pro,15m,نیویورک,long,short,2026-09-14 22:00:00,,,,,,,,,,,,,1174.105
2026-09-15T03:01:30.898039+00:00,open,244,ONEUSDT,ICT/SMC Scalp Pro,15m,آسیا,long,short,2026-09-15 02:45:00,0.000724,0.0007328719684715359,0.0007106920472926962,0.0006973840945853925,100.0,1.0,100.0,,,,,,1174.105
2026-09-15T03:16:04.178911+00:00,lot_close,235,SOLUSDT,ICT/SMC Scalp Pro,15m,نیویورک,long,short,2026-09-14 20:15:00,,,,,,1.0,50.0,,lot_b,tp2,101.92586204481557,1.2596,1175.3646
2026-09-15T03:16:04.524074+00:00,full_close,235,SOLUSDT,ICT/SMC Scalp Pro,15m,نیویورک,long,short,2026-09-14 20:15:00,,,,,,,,,,,,,1175.3646
2026-09-15T03:16:08.396191+00:00,lot_close,232,DOGEUSDT,Supertrend+ADX,15m,لندن,short,long,2026-09-14 13:00:00,,,,,,3.0,50.0,,lot_b,sl,0.08348,0.0,1175.3646
2026-09-15T03:16:08.716239+00:00,full_close,232,DOGEUSDT,Supertrend+ADX,15m,لندن,short,long,2026-09-14 13:00:00,,,,,,,,,,,,,1175.3646
2026-09-15T03:16:09.798499+00:00,open,245,DOGEUSDT,ICT/SMC Scalp Pro,15m,آسیا,short,long,2026-09-15 03:00:00,0.08342,0.08291187253821802,0.08418219119267295,0.0849443823853459,100.0,1.0,100.0,,,,,,1175.3646
2026-09-15T03:16:24.309029+00:00,open,246,GALAUSDT,ICT/SMC Scalp Pro,15m,آسیا,short,long,2026-09-15 03:00:00,0.001688,0.0016741991307018718,0.0017087013039471925,0.001729402607894385,100.0,1.0,100.0,,,,,,1175.3646
2026-09-15T03:31:14.392476+00:00,open,247,ROSEUSDT,ICT/SMC Scalp Pro,15m,آسیا,short,long,2026-09-15 03:15:00,0.00672,0.006676277869941188,0.0067855831950882186,0.006851166390176437,100.0,1.0,100.0,,,,,,1175.3646
2026-09-15T03:31:21.018207+00:00,lot_close,218,MANAUSDT,Supertrend+ADX,15m,آسیا,long,short,2026-09-14 02:00:00,,,,,,3.0,50.0,,lot_a,tp1,0.07377525618802414,3.8139,1179.1785
2026-09-15T03:31:21.463662+00:00,sl_to_be,218,MANAUSDT,Supertrend+ADX,15m,آسیا,long,short,2026-09-14 02:00:00,,0.0757,,,,,,,,,,,
2026-09-15T03:46:02.167199+00:00,open,248,CRVUSDT,ICT/SMC Scalp Pro,15m,آسیا,long,short,2026-09-15 03:30:00,0.3515,0.3550272808250364,0.3462090787624454,0.3409181575248908,100.0,1.0,100.0,,,,,,1179.1785
2026-09-15T04:01:18.300505+00:00,signal_skipped_no_margin,,ETHUSDT,ICT/SMC Scalp Pro,15m,آسیا,short,,2026-09-15 03:45:00,,,,,100.0,1.0,100.0,,,,,,1179.1785
2026-09-15T04:16:00.655773+00:00,signal_skipped_no_margin,,BTCUSDT,ICT/SMC Scalp Pro,15m,آسیا,short,,2026-09-15 04:00:00,,,,,100.0,1.0,100.0,,,,,,1179.1785
2026-09-15T04:16:03.813074+00:00,signal_skipped_no_margin,,SOLUSDT,ICT/SMC Scalp Pro,15m,آسیا,short,,2026-09-15 04:00:00,,,,,100.0,1.0,100.0,,,,,,1179.1785
2026-09-15T04:16:07.712614+00:00,signal_skipped_no_margin,,CRVUSDT,Supertrend+ADX,15m,آسیا,long,,2026-09-15 04:00:00,,,,,300.0,3.0,100.0,,,,,,1179.1785
2026-09-15T04:46:10.629886+00:00,lot_close,248,CRVUSDT,ICT/SMC Scalp Pro,15m,آسیا,long,short,2026-09-15 03:30:00,,,,,,1.0,50.0,,lot_a,sl,0.3550272808250364,-0.5017,1178.6768
2026-09-15T04:46:10.948299+00:00,lot_close,248,CRVUSDT,ICT/SMC Scalp Pro,15m,آسیا,long,short,2026-09-15 03:30:00,,,,,,1.0,50.0,,lot_b,sl,0.3550272808250364,-0.5017,1178.175
2026-09-15T04:46:11.275281+00:00,full_close,248,CRVUSDT,ICT/SMC Scalp Pro,15m,آسیا,long,short,2026-09-15 03:30:00,,,,,,,,,,,,,1178.175
2026-09-15T04:46:12.352574+00:00,open,249,CRVUSDT,ICT/SMC Scalp Pro,15m,آسیا,long,short,2026-09-15 04:30:00,0.3549,0.35838852841589286,0.3496672073761607,0.3444344147523214,100.0,1.0,100.0,,,,,,1178.175
2026-09-15T05:01:22.682378+00:00,lot_close,244,ONEUSDT,ICT/SMC Scalp Pro,15m,آسیا,long,short,2026-09-15 02:45:00,,,,,,1.0,50.0,,lot_a,sl,0.0007328719684715359,-0.6127,1177.5623
2026-09-15T05:01:23.198229+00:00,lot_close,244,ONEUSDT,ICT/SMC Scalp Pro,15m,آسیا,long,short,2026-09-15 02:45:00,,,,,,1.0,50.0,,lot_b,sl,0.0007328719684715359,-0.6127,1176.9496
2026-09-15T05:01:23.696176+00:00,full_close,244,ONEUSDT,ICT/SMC Scalp Pro,15m,آسیا,long,short,2026-09-15 02:45:00,,,,,,,,,,,,,1176.9496
2026-09-15T05:16:01.780188+00:00,lot_close,245,DOGEUSDT,ICT/SMC Scalp Pro,15m,آسیا,short,long,2026-09-15 03:00:00,,,,,,1.0,50.0,,lot_a,sl,0.08291187253821802,-0.3046,1176.6451
2026-09-15T05:16:02.346321+00:00,lot_close,245,DOGEUSDT,ICT/SMC Scalp Pro,15m,آسیا,short,long,2026-09-15 03:00:00,,,,,,1.0,50.0,,lot_b,sl,0.08291187253821802,-0.3046,1176.3405
2026-09-15T05:16:02.866594+00:00,full_close,245,DOGEUSDT,ICT/SMC Scalp Pro,15m,آسیا,short,long,2026-09-15 03:00:00,,,,,,,,,,,,,1176.3405
2026-09-15T05:16:11.861937+00:00,open,250,VETUSDT,ICT/SMC Scalp Pro,15m,آسیا,short,long,2026-09-15 05:00:00,0.007584,0.007498308321934241,0.0077125375170986376,0.007841075034197276,100.0,1.0,100.0,,,,,,1176.3405
2026-09-15T05:31:19.596689+00:00,lot_close,229,MASKUSDT,Supertrend+ADX,15m,لندن,short,long,2026-09-14 12:30:00,,,,,,3.0,50.0,,lot_a,sl,0.45583909886076,-2.3199,1174.0206
2026-09-15T05:31:20.119286+00:00,lot_close,229,MASKUSDT,Supertrend+ADX,15m,لندن,short,long,2026-09-14 12:30:00,,,,,,3.0,50.0,,lot_b,sl,0.45583909886076,-2.3199,1171.7006
2026-09-15T05:31:20.623566+00:00,full_close,229,MASKUSDT,Supertrend+ADX,15m,لندن,short,long,2026-09-14 12:30:00,,,,,,,,,,,,,1171.7006
2026-09-15T06:46:08.662664+00:00,open,251,ONEUSDT,ICT/SMC Scalp Pro,15m,آسیا,long,short,2026-09-15 06:30:00,0.000719,0.0007297815095427243,0.0007028277356859136,0.0006866554713718272,100.0,1.0,100.0,,,,,,1171.7006
2026-09-15T07:01:38.539200+00:00,lot_close,250,VETUSDT,ICT/SMC Scalp Pro,15m,آسیا,short,long,2026-09-15 05:00:00,,,,,,1.0,50.0,,lot_a,sl,0.007498308321934241,-0.565,1171.1357
2026-09-15T07:01:38.867035+00:00,lot_close,250,VETUSDT,ICT/SMC Scalp Pro,15m,آسیا,short,long,2026-09-15 05:00:00,,,,,,1.0,50.0,,lot_b,sl,0.007498308321934241,-0.565,1170.5707
2026-09-15T07:01:39.217059+00:00,full_close,250,VETUSDT,ICT/SMC Scalp Pro,15m,آسیا,short,long,2026-09-15 05:00:00,,,,,,,,,,,,,1170.5707
2026-09-15T07:01:42.570207+00:00,open,252,MASKUSDT,ICT/SMC Scalp Pro,15m,آسیا,short,long,2026-09-15 06:45:00,0.454,0.45121327481979373,0.45818008777030944,0.46236017554061887,100.0,1.0,100.0,,,,,,1170.5707
2026-09-15T07:16:07.562914+00:00,lot_close,236,CHZUSDT,ICT/SMC Scalp Pro,15m,نیویورک,long,short,2026-09-14 20:15:00,,,,,,1.0,50.0,,lot_b,tp2,0.014242892822617757,1.4557,1172.0264
2026-09-15T07:16:08.051510+00:00,full_close,236,CHZUSDT,ICT/SMC Scalp Pro,15m,نیویورک,long,short,2026-09-14 20:15:00,,,,,,,,,,,,,1172.0264
2026-09-15T07:46:01.483439+00:00,lot_close,184,BTCUSDT,Supertrend+ADX,15m,نیویورک,short,long,2026-09-11 18:00:00,,,,,,3.0,50.0,,lot_b,sl,77088.01,0.0,1172.0264
2026-09-15T07:46:01.804029+00:00,full_close,184,BTCUSDT,Supertrend+ADX,15m,نیویورک,short,long,2026-09-11 18:00:00,,,,,,,,,,,,,1172.0264
2026-09-15T07:46:11.201995+00:00,lot_close,249,CRVUSDT,ICT/SMC Scalp Pro,15m,آسیا,long,short,2026-09-15 04:30:00,,,,,,1.0,50.0,,lot_a,tp1,0.3496672073761607,0.7372,1172.7636
2026-09-15T07:46:11.530650+00:00,sl_to_be,249,CRVUSDT,ICT/SMC Scalp Pro,15m,آسیا,long,short,2026-09-15 04:30:00,,0.3549,,,,,,,,,,,
2026-09-15T07:46:23.262050+00:00,open,253,MANAUSDT,ICT/SMC Scalp Pro,15m,آسیا,short,long,2026-09-15 07:30:00,0.0736,0.07312860678641285,0.07430708982038073,0.07501417964076144,100.0,1.0,100.0,,,,,,1172.7636
2026-09-15T08:01:18.575941+00:00,open,254,BTCUSDT,ICT/SMC Scalp Pro,15m,آسیا,short,long,2026-09-15 07:45:00,76930.01,76625.0156413063,77387.50153804055,77844.9930760811,100.0,1.0,100.0,,,,,,1172.7636
2026-09-15T08:01:22.783284+00:00,lot_close,242,BNBUSDT,Supertrend+ADX,15m,نیویورک,short,long,2026-09-14 22:45:00,,,,,,3.0,50.0,,lot_a,sl,715.4337039142105,-1.4876,1171.276
2026-09-15T08:01:23.285919+00:00,lot_close,242,BNBUSDT,Supertrend+ADX,15m,نیویورک,short,long,2026-09-14 22:45:00,,,,,,3.0,50.0,,lot_b,sl,715.4337039142105,-1.4876,1169.7884
2026-09-15T08:01:23.832680+00:00,full_close,242,BNBUSDT,Supertrend+ADX,15m,نیویورک,short,long,2026-09-14 22:45:00,,,,,,,,,,,,,1169.7884
2026-09-15T08:01:24.872651+00:00,open,255,BNBUSDT,ICT/SMC Scalp Pro,15m,آسیا,short,long,2026-09-15 07:45:00,715.09,712.040103588478,719.664844617283,724.2396892345661,100.0,1.0,100.0,,,,,,1169.7884
2026-09-15T08:01:28.770769+00:00,lot_close,247,ROSEUSDT,ICT/SMC Scalp Pro,15m,آسیا,short,long,2026-09-15 03:15:00,,,,,,1.0,50.0,,lot_a,sl,0.006676277869941188,-0.3253,1169.4631
2026-09-15T08:01:29.290582+00:00,lot_close,247,ROSEUSDT,ICT/SMC Scalp Pro,15m,آسیا,short,long,2026-09-15 03:15:00,,,,,,1.0,50.0,,lot_b,sl,0.006676277869941188,-0.3253,1169.1378
2026-09-15T08:01:29.804218+00:00,full_close,247,ROSEUSDT,ICT/SMC Scalp Pro,15m,آسیا,short,long,2026-09-15 03:15:00,,,,,,,,,,,,,1169.1378
2026-09-15T08:01:30.855082+00:00,open,256,ROSEUSDT,ICT/SMC Scalp Pro,15m,آسیا,short,long,2026-09-15 07:45:00,0.00662,0.006574664952577055,0.006688002571134418,0.006756005142268836,100.0,1.0,100.0,,,,,,1169.1378
2026-09-15T08:01:35.381731+00:00,signal_skipped_no_margin,,VETUSDT,ICT/SMC Scalp Pro,15m,آسیا,short,,2026-09-15 07:45:00,,,,,100.0,1.0,100.0,,,,,,1169.1378
2026-09-15T08:01:36.680762+00:00,lot_close,252,MASKUSDT,ICT/SMC Scalp Pro,15m,آسیا,short,long,2026-09-15 06:45:00,,,,,,1.0,50.0,,lot_a,sl,0.45121327481979373,-0.3069,1168.8309
2026-09-15T08:01:37.187534+00:00,lot_close,252,MASKUSDT,ICT/SMC Scalp Pro,15m,آسیا,short,long,2026-09-15 06:45:00,,,,,,1.0,50.0,,lot_b,sl,0.45121327481979373,-0.3069,1168.524
2026-09-15T08:01:37.688562+00:00,full_close,252,MASKUSDT,ICT/SMC Scalp Pro,15m,آسیا,short,long,2026-09-15 06:45:00,,,,,,,,,,,,,1168.524
2026-09-15T08:01:38.741745+00:00,open,257,MASKUSDT,ICT/SMC Scalp Pro,15m,آسیا,short,long,2026-09-15 07:45:00,0.449,0.44597048474918904,0.45354427287621646,0.4580885457524329,100.0,1.0,100.0,,,,,,1168.524
2026-09-15T08:01:40.036791+00:00,lot_close,253,MANAUSDT,ICT/SMC Scalp Pro,15m,آسیا,short,long,2026-09-15 07:30:00,,,,,,1.0,50.0,,lot_a,sl,0.07312860678641285,-0.3202,1168.2037
2026-09-15T08:01:40.568458+00:00,lot_close,253,MANAUSDT,ICT/SMC Scalp Pro,15m,آسیا,short,long,2026-09-15 07:30:00,,,,,,1.0,50.0,,lot_b,sl,0.07312860678641285,-0.3202,1167.8835
2026-09-15T08:01:41.208070+00:00,full_close,253,MANAUSDT,ICT/SMC Scalp Pro,15m,آسیا,short,long,2026-09-15 07:30:00,,,,,,,,,,,,,1167.8835
2026-09-15T08:01:42.259816+00:00,open,258,MANAUSDT,ICT/SMC Scalp Pro,15m,آسیا,short,long,2026-09-15 07:45:00,0.0732,0.07269799201591193,0.0739530119761321,0.07470602395226422,100.0,1.0,100.0,,,,,,1167.8835
2026-09-15T08:01:43.555389+00:00,lot_close,246,GALAUSDT,ICT/SMC Scalp Pro,15m,آسیا,short,long,2026-09-15 03:00:00,,,,,,1.0,50.0,,lot_a,sl,0.0016741991307018718,-0.4088,1167.4747
2026-09-15T08:01:44.076276+00:00,lot_close,246,GALAUSDT,ICT/SMC Scalp Pro,15m,آسیا,short,long,2026-09-15 03:00:00,,,,,,1.0,50.0,,lot_b,sl,0.0016741991307018718,-0.4088,1167.0659
2026-09-15T08:01:44.616425+00:00,full_close,246,GALAUSDT,ICT/SMC Scalp Pro,15m,آسیا,short,long,2026-09-15 03:00:00,,,,,,,,,,,,,1167.0659
2026-09-15T08:01:45.650163+00:00,open,259,GALAUSDT,ICT/SMC Scalp Pro,15m,آسیا,short,long,2026-09-15 07:45:00,0.001666,0.0016500610626362044,0.0016899084060456933,0.0017138168120913867,100.0,1.0,100.0,,,,,,1167.0659
2026-09-15T08:15:55.221941+00:00,lot_close,211,SOLUSDT,Supertrend+ADX,15m,نیویورک,short,long,2026-09-13 22:00:00,,,,,,3.0,50.0,,lot_b,sl,100.15,0.0,1167.0659
2026-09-15T08:15:55.688477+00:00,full_close,211,SOLUSDT,Supertrend+ADX,15m,نیویورک,short,long,2026-09-13 22:00:00,,,,,,,,,,,,,1167.0659
2026-09-15T08:46:13.200394+00:00,lot_close,251,ONEUSDT,ICT/SMC Scalp Pro,15m,آسیا,long,short,2026-09-15 06:30:00,,,,,,1.0,50.0,,lot_a,tp1,0.0007028277356859136,1.1246,1168.1906
2026-09-15T08:46:13.529046+00:00,sl_to_be,251,ONEUSDT,ICT/SMC Scalp Pro,15m,آسیا,long,short,2026-09-15 06:30:00,,0.000719,,,,,,,,,,,
2026-09-15T09:01:21.982175+00:00,lot_close,249,CRVUSDT,ICT/SMC Scalp Pro,15m,آسیا,long,short,2026-09-15 04:30:00,,,,,,1.0,50.0,,lot_b,tp2,0.3444344147523214,1.4744,1169.665
2026-09-15T09:01:22.364594+00:00,full_close,249,CRVUSDT,ICT/SMC Scalp Pro,15m,آسیا,long,short,2026-09-15 04:30:00,,,,,,,,,,,,,1169.665
2026-09-15T09:01:23.443936+00:00,open,260,CRVUSDT,ICT/SMC Scalp Pro,15m,لندن,short,long,2026-09-15 08:45:00,0.3445,0.3404047184433592,0.3506429223349612,0.35678584466992236,100.0,1.0,100.0,,,,,,1169.665
2026-09-15T09:46:17.144048+00:00,lot_close,257,MASKUSDT,ICT/SMC Scalp Pro,15m,آسیا,short,long,2026-09-15 07:45:00,,,,,,1.0,50.0,,lot_a,sl,0.44597048474918904,-0.3374,1169.3276
2026-09-15T09:46:17.464579+00:00,lot_close,257,MASKUSDT,ICT/SMC Scalp Pro,15m,آسیا,short,long,2026-09-15 07:45:00,,,,,,1.0,50.0,,lot_b,sl,0.44597048474918904,-0.3374,1168.9903
2026-09-15T09:46:17.809627+00:00,full_close,257,MASKUSDT,ICT/SMC Scalp Pro,15m,آسیا,short,long,2026-09-15 07:45:00,,,,,,,,,,,,,1168.9903
2026-09-15T09:46:18.834718+00:00,open,261,MASKUSDT,ICT/SMC Scalp Pro,15m,لندن,short,long,2026-09-15 09:30:00,0.446,0.4424539707335465,0.4513190438996803,0.4566380877993606,100.0,1.0,100.0,,,,,,1168.9903
2026-09-15T09:46:21.760967+00:00,lot_close,259,GALAUSDT,ICT/SMC Scalp Pro,15m,آسیا,short,long,2026-09-15 07:45:00,,,,,,1.0,50.0,,lot_a,tp1,0.0016899084060456933,0.7175,1169.7078
2026-09-15T09:46:22.114327+00:00,sl_to_be,259,GALAUSDT,ICT/SMC Scalp Pro,15m,آسیا,short,long,2026-09-15 07:45:00,,0.001666,,,,,,,,,,,
2026-09-15T10:01:21.168083+00:00,open,262,CHZUSDT,ICT/SMC Scalp Pro,15m,لندن,short,long,2026-09-15 09:45:00,0.01412,0.014006917261017897,0.014289624108473155,0.01445924821694631,100.0,1.0,100.0,,,,,,1169.7078
2026-09-15T10:01:24.418391+00:00,signal_skipped_no_margin,,VETUSDT,ICT/SMC Scalp Pro,15m,لندن,short,,2026-09-15 09:45:00,,,,,100.0,1.0,100.0,,,,,,1169.7078
2026-09-15T10:16:07.575981+00:00,lot_close,182,VETUSDT,Supertrend+ADX,15m,لندن,short,long,2026-09-11 10:15:00,,,,,,3.0,50.0,,lot_b,sl,0.007353,0.0,1169.7078
2026-09-15T10:16:08.090827+00:00,full_close,182,VETUSDT,Supertrend+ADX,15m,لندن,short,long,2026-09-11 10:15:00,,,,,,,,,,,,,1169.7078
2026-09-15T10:31:21.846659+00:00,lot_close,260,CRVUSDT,ICT/SMC Scalp Pro,15m,لندن,short,long,2026-09-15 08:45:00,,,,,,1.0,50.0,,lot_a,sl,0.3404047184433592,-0.5944,1169.1134
2026-09-15T10:31:22.176981+00:00,lot_close,260,CRVUSDT,ICT/SMC Scalp Pro,15m,لندن,short,long,2026-09-15 08:45:00,,,,,,1.0,50.0,,lot_b,sl,0.3404047184433592,-0.5944,1168.5191
2026-09-15T10:31:22.540817+00:00,full_close,260,CRVUSDT,ICT/SMC Scalp Pro,15m,لندن,short,long,2026-09-15 08:45:00,,,,,,,,,,,,,1168.5191
2026-09-15T10:31:23.568183+00:00,open,263,CRVUSDT,ICT/SMC Scalp Pro,15m,لندن,short,long,2026-09-15 10:15:00,0.3368,0.332346189822266,0.34348071526660096,0.350161430533202,100.0,1.0,100.0,,,,,,1168.5191
2026-09-15T11:01:20.530516+00:00,lot_close,255,BNBUSDT,ICT/SMC Scalp Pro,15m,آسیا,short,long,2026-09-15 07:45:00,,,,,,1.0,50.0,,lot_a,tp1,719.664844617283,0.3199,1168.8389
2026-09-15T11:01:21.011080+00:00,sl_to_be,255,BNBUSDT,ICT/SMC Scalp Pro,15m,آسیا,short,long,2026-09-15 07:45:00,,715.09,,,,,,,,,,,
2026-09-15T11:01:29.739638+00:00,open,264,VETUSDT,ICT/SMC Scalp Pro,15m,لندن,short,long,2026-09-15 10:45:00,0.007339,0.007272438931849993,0.007438841602225011,0.007538683204450021,100.0,1.0,100.0,,,,,,1168.8389
2026-09-15T11:01:30.977187+00:00,lot_close,261,MASKUSDT,ICT/SMC Scalp Pro,15m,لندن,short,long,2026-09-15 09:30:00,,,,,,1.0,50.0,,lot_a,sl,0.4424539707335465,-0.3975,1168.4414
2026-09-15T11:01:31.440678+00:00,lot_close,261,MASKUSDT,ICT/SMC Scalp Pro,15m,لندن,short,long,2026-09-15 09:30:00,,,,,,1.0,50.0,,lot_b,sl,0.4424539707335465,-0.3975,1168.0439
2026-09-15T11:01:31.894513+00:00,full_close,261,MASKUSDT,ICT/SMC Scalp Pro,15m,لندن,short,long,2026-09-15 09:30:00,,,,,,,,,,,,,1168.0439
2026-09-15T11:16:15.645286+00:00,lot_close,256,ROSEUSDT,ICT/SMC Scalp Pro,15m,آسیا,short,long,2026-09-15 07:45:00,,,,,,1.0,50.0,,lot_a,tp1,0.006688002571134418,0.5136,1168.5575
2026-09-15T11:16:16.028885+00:00,sl_to_be,256,ROSEUSDT,ICT/SMC Scalp Pro,15m,آسیا,short,long,2026-09-15 07:45:00,,0.00662,,,,,,,,,,,
2026-09-15T11:31:08.287921+00:00,open,265,SOLUSDT,ICT/SMC Scalp Pro,15m,لندن,short,long,2026-09-15 11:15:00,100.68,100.18381394180288,101.4242790872957,102.16855817459138,100.0,1.0,100.0,,,,,,1168.5575
2026-09-15T11:46:02.655519+00:00,open,266,DOGEUSDT,ICT/SMC Scalp Pro,15m,لندن,short,long,2026-09-15 11:30:00,0.08249,0.08207372378025862,0.08311441432961206,0.08373882865922411,100.0,1.0,100.0,,,,,,1168.5575
2026-09-15T11:46:05.179850+00:00,lot_close,256,ROSEUSDT,ICT/SMC Scalp Pro,15m,آسیا,short,long,2026-09-15 07:45:00,,,,,,1.0,50.0,,lot_b,sl,0.00662,0.0,1168.5575
2026-09-15T11:46:05.656502+00:00,full_close,256,ROSEUSDT,ICT/SMC Scalp Pro,15m,آسیا,short,long,2026-09-15 07:45:00,,,,,,,,,,,,,1168.5575
2026-09-15T11:46:13.859064+00:00,lot_close,259,GALAUSDT,ICT/SMC Scalp Pro,15m,آسیا,short,long,2026-09-15 07:45:00,,,,,,1.0,50.0,,lot_b,sl,0.001666,0.0,1168.5575
2026-09-15T11:46:14.339512+00:00,full_close,259,GALAUSDT,ICT/SMC Scalp Pro,15m,آسیا,short,long,2026-09-15 07:45:00,,,,,,,,,,,,,1168.5575
2026-09-15T11:46:15.311903+00:00,open,267,GALAUSDT,ICT/SMC Scalp Pro,15m,لندن,short,long,2026-09-15 11:30:00,0.00167,0.0016534688602456377,0.0016947967096315436,0.001719593419263087,100.0,1.0,100.0,,,,,,1168.5575
2026-09-15T12:46:08.699215+00:00,lot_close,264,VETUSDT,ICT/SMC Scalp Pro,15m,لندن,short,long,2026-09-15 10:45:00,,,,,,1.0,50.0,,lot_a,tp1,0.007438841602225011,0.6802,1169.2377
2026-09-15T12:46:09.297841+00:00,sl_to_be,264,VETUSDT,ICT/SMC Scalp Pro,15m,لندن,short,long,2026-09-15 10:45:00,,0.007339,,,,,,,,,,,
2026-09-15T13:01:37.488566+00:00,lot_close,264,VETUSDT,ICT/SMC Scalp Pro,15m,لندن,short,long,2026-09-15 10:45:00,,,,,,1.0,50.0,,lot_b,tp2,0.007538683204450021,1.3604,1170.5981
2026-09-15T13:01:37.818010+00:00,full_close,264,VETUSDT,ICT/SMC Scalp Pro,15m,لندن,short,long,2026-09-15 10:45:00,,,,,,,,,,,,,1170.5981
2026-09-15T13:01:43.264789+00:00,lot_close,267,GALAUSDT,ICT/SMC Scalp Pro,15m,لندن,short,long,2026-09-15 11:30:00,,,,,,1.0,50.0,,lot_a,tp1,0.0016947967096315436,0.7424,1171.3405
2026-09-15T13:01:43.574527+00:00,sl_to_be,267,GALAUSDT,ICT/SMC Scalp Pro,15m,لندن,short,long,2026-09-15 11:30:00,,0.00167,,,,,,,,,,,
2026-09-15T13:16:13.404745+00:00,lot_close,266,DOGEUSDT,ICT/SMC Scalp Pro,15m,لندن,short,long,2026-09-15 11:30:00,,,,,,1.0,50.0,,lot_a,tp1,0.08311441432961206,0.3785,1171.719
2026-09-15T13:16:13.810893+00:00,sl_to_be,266,DOGEUSDT,ICT/SMC Scalp Pro,15m,لندن,short,long,2026-09-15 11:30:00,,0.08249,,,,,,,,,,,
2026-09-15T13:46:08.570615+00:00,lot_close,254,BTCUSDT,ICT/SMC Scalp Pro,15m,آسیا,short,long,2026-09-15 07:45:00,,,,,,1.0,50.0,,lot_a,sl,76625.0156413063,-0.1982,1171.5208
2026-09-15T13:46:08.948808+00:00,lot_close,254,BTCUSDT,ICT/SMC Scalp Pro,15m,آسیا,short,long,2026-09-15 07:45:00,,,,,,1.0,50.0,,lot_b,sl,76625.0156413063,-0.1982,1171.3225
2026-09-15T13:46:09.412536+00:00,full_close,254,BTCUSDT,ICT/SMC Scalp Pro,15m,آسیا,short,long,2026-09-15 07:45:00,,,,,,,,,,,,,1171.3225
2026-09-15T13:46:11.530540+00:00,lot_close,128,ETHUSDT,Supertrend+ADX,15m,,,long,2026-09-04 12:30:00,,,,,,1.0,50.0,,lot_b,sl,2451.24,0.0,1171.3225
2026-09-15T13:46:11.889903+00:00,full_close,128,ETHUSDT,Supertrend+ADX,15m,,,long,2026-09-04 12:30:00,,,,,,,,,,,,,1171.3225
2026-09-15T13:46:12.940971+00:00,open,268,ETHUSDT,ICT/SMC Scalp Pro,15m,لندن,short,long,2026-09-15 13:30:00,2450.2,2433.6863165771315,2474.970525134302,2499.741050268605,100.0,1.0,100.0,,,,,,1171.3225
2026-09-15T13:46:14.373605+00:00,lot_close,265,SOLUSDT,ICT/SMC Scalp Pro,15m,لندن,short,long,2026-09-15 11:15:00,,,,,,1.0,50.0,,lot_a,sl,100.18381394180288,-0.2464,1171.0761
2026-09-15T13:46:14.750405+00:00,lot_close,265,SOLUSDT,ICT/SMC Scalp Pro,15m,لندن,short,long,2026-09-15 11:15:00,,,,,,1.0,50.0,,lot_b,sl,100.18381394180288,-0.2464,1170.8297
2026-09-15T13:46:15.248732+00:00,full_close,265,SOLUSDT,ICT/SMC Scalp Pro,15m,لندن,short,long,2026-09-15 11:15:00,,,,,,,,,,,,,1170.8297
2026-09-15T13:46:16.269691+00:00,open,269,SOLUSDT,ICT/SMC Scalp Pro,15m,لندن,short,long,2026-09-15 13:30:00,100.23,99.62421632971282,101.13867550543077,102.04735101086155,100.0,1.0,100.0,,,,,,1170.8297
2026-09-15T13:46:17.687846+00:00,lot_close,255,BNBUSDT,ICT/SMC Scalp Pro,15m,آسیا,short,long,2026-09-15 07:45:00,,,,,,1.0,50.0,,lot_b,sl,715.09,0.0,1170.8297
2026-09-15T13:46:18.102975+00:00,full_close,255,BNBUSDT,ICT/SMC Scalp Pro,15m,آسیا,short,long,2026-09-15 07:45:00,,,,,,,,,,,,,1170.8297
2026-09-15T13:46:20.462011+00:00,lot_close,266,DOGEUSDT,ICT/SMC Scalp Pro,15m,لندن,short,long,2026-09-15 11:30:00,,,,,,1.0,50.0,,lot_b,sl,0.08249,0.0,1170.8297
2026-09-15T13:46:20.870299+00:00,full_close,266,DOGEUSDT,ICT/SMC Scalp Pro,15m,لندن,short,long,2026-09-15 11:30:00,,,,,,,,,,,,,1170.8297
2026-09-15T13:46:22.888340+00:00,lot_close,263,CRVUSDT,ICT/SMC Scalp Pro,15m,لندن,short,long,2026-09-15 10:15:00,,,,,,1.0,50.0,,lot_a,sl,0.332346189822266,-0.6612,1170.1685
2026-09-15T13:46:23.259835+00:00,lot_close,263,CRVUSDT,ICT/SMC Scalp Pro,15m,لندن,short,long,2026-09-15 10:15:00,,,,,,1.0,50.0,,lot_b,sl,0.332346189822266,-0.6612,1169.5073
2026-09-15T13:46:23.623804+00:00,full_close,263,CRVUSDT,ICT/SMC Scalp Pro,15m,لندن,short,long,2026-09-15 10:15:00,,,,,,,,,,,,,1169.5073
2026-09-15T13:46:32.758178+00:00,open,270,MASKUSDT,ICT/SMC Scalp Pro,15m,لندن,short,long,2026-09-15 13:30:00,0.433,0.4283073977553604,0.4400389033669594,0.4470778067339187,100.0,1.0,100.0,,,,,,1169.5073
2026-09-15T13:46:34.067064+00:00,lot_close,258,MANAUSDT,ICT/SMC Scalp Pro,15m,آسیا,short,long,2026-09-15 07:45:00,,,,,,1.0,50.0,,lot_a,sl,0.07269799201591193,-0.3429,1169.1644
2026-09-15T13:46:34.448340+00:00,lot_close,258,MANAUSDT,ICT/SMC Scalp Pro,15m,آسیا,short,long,2026-09-15 07:45:00,,,,,,1.0,50.0,,lot_b,sl,0.07269799201591193,-0.3429,1168.8215
2026-09-15T13:46:34.802967+00:00,full_close,258,MANAUSDT,ICT/SMC Scalp Pro,15m,آسیا,short,long,2026-09-15 07:45:00,,,,,,,,,,,,,1168.8215
2026-09-15T13:46:35.819211+00:00,open,271,MANAUSDT,ICT/SMC Scalp Pro,15m,لندن,short,long,2026-09-15 13:30:00,0.073,0.07244617738956999,0.07383073391564501,0.07466146783129002,100.0,1.0,100.0,,,,,,1168.8215
2026-09-15T13:46:37.099195+00:00,lot_close,267,GALAUSDT,ICT/SMC Scalp Pro,15m,لندن,short,long,2026-09-15 11:30:00,,,,,,1.0,50.0,,lot_b,sl,0.00167,0.0,1168.8215
2026-09-15T13:46:37.473615+00:00,full_close,267,GALAUSDT,ICT/SMC Scalp Pro,15m,لندن,short,long,2026-09-15 11:30:00,,,,,,,,,,,,,1168.8215
2026-09-15T13:46:38.521356+00:00,open,272,GALAUSDT,ICT/SMC Scalp Pro,15m,لندن,short,long,2026-09-15 13:30:00,0.001669,0.0016497839029631226,0.0016978241455553158,0.0017266482911106318,100.0,1.0,100.0,,,,,,1168.8215
2026-09-15T14:01:14.977648+00:00,open,273,BNBUSDT,ICT/SMC Scalp Pro,15m,لندن,long,short,2026-09-15 13:45:00,720.31,723.7074106738488,715.2138839892266,710.1177679784533,100.0,1.0,100.0,,,,,,1168.8215
2026-09-15T14:16:21.856759+00:00,open,274,BTCUSDT,ICT/SMC Scalp Pro,15m,لندن,short,long,2026-09-15 14:00:00,76406.35,75997.71822992447,77019.2976551133,77632.2453102266,100.0,1.0,100.0,,,,,,1168.8215
2026-09-15T14:46:05.736213+00:00,lot_close,274,BTCUSDT,ICT/SMC Scalp Pro,15m,لندن,short,long,2026-09-15 14:00:00,,,,,,1.0,50.0,,lot_a,sl,75997.71822992447,-0.2674,1168.5541
2026-09-15T14:46:06.155474+00:00,lot_close,274,BTCUSDT,ICT/SMC Scalp Pro,15m,لندن,short,long,2026-09-15 14:00:00,,,,,,1.0,50.0,,lot_b,sl,75997.71822992447,-0.2674,1168.2867
2026-09-15T14:46:06.555391+00:00,full_close,274,BTCUSDT,ICT/SMC Scalp Pro,15m,لندن,short,long,2026-09-15 14:00:00,,,,,,,,,,,,,1168.2867
2026-09-15T14:46:07.698958+00:00,open,275,BTCUSDT,ICT/SMC Scalp Pro,15m,لندن,short,long,2026-09-15 14:30:00,75912.01,75451.90756560523,76602.16365159214,77292.31730318429,100.0,1.0,100.0,,,,,,1168.2867
2026-09-15T14:46:09.176391+00:00,lot_close,268,ETHUSDT,ICT/SMC Scalp Pro,15m,لندن,short,long,2026-09-15 13:30:00,,,,,,1.0,50.0,,lot_a,sl,2433.6863165771315,-0.337,1167.9497
2026-09-15T14:46:09.573324+00:00,lot_close,268,ETHUSDT,ICT/SMC Scalp Pro,15m,لندن,short,long,2026-09-15 13:30:00,,,,,,1.0,50.0,,lot_b,sl,2433.6863165771315,-0.337,1167.6127
2026-09-15T14:46:09.978082+00:00,full_close,268,ETHUSDT,ICT/SMC Scalp Pro,15m,لندن,short,long,2026-09-15 13:30:00,,,,,,,,,,,,,1167.6127
2026-09-15T14:46:11.212625+00:00,open,276,ETHUSDT,ICT/SMC Scalp Pro,15m,لندن,short,long,2026-09-15 14:30:00,2416.82,2396.452567309789,2447.3711490353166,2477.922298070633,100.0,1.0,100.0,,,,,,1167.6127
2026-09-15T14:46:12.636426+00:00,lot_close,269,SOLUSDT,ICT/SMC Scalp Pro,15m,لندن,short,long,2026-09-15 13:30:00,,,,,,1.0,50.0,,lot_a,sl,99.62421632971282,-0.3022,1167.3105
2026-09-15T14:46:13.046485+00:00,lot_close,269,SOLUSDT,ICT/SMC Scalp Pro,15m,لندن,short,long,2026-09-15 13:30:00,,,,,,1.0,50.0,,lot_b,sl,99.62421632971282,-0.3022,1167.0083
2026-09-15T14:46:13.454887+00:00,full_close,269,SOLUSDT,ICT/SMC Scalp Pro,15m,لندن,short,long,2026-09-15 13:30:00,,,,,,,,,,,,,1167.0083
2026-09-15T14:46:14.479058+00:00,open,277,SOLUSDT,ICT/SMC Scalp Pro,15m,لندن,short,long,2026-09-15 14:30:00,98.94,98.11429525700514,100.17855711449229,101.41711422898457,100.0,1.0,100.0,,,,,,1167.0083
2026-09-15T14:46:16.015118+00:00,lot_close,273,BNBUSDT,ICT/SMC Scalp Pro,15m,لندن,long,short,2026-09-15 13:45:00,,,,,,1.0,50.0,,lot_a,tp1,715.2138839892266,0.3537,1167.3621
2026-09-15T14:46:16.450672+00:00,sl_to_be,273,BNBUSDT,ICT/SMC Scalp Pro,15m,لندن,long,short,2026-09-15 13:45:00,,720.31,,,,,,,,,,,
2026-09-15T14:46:19.237955+00:00,open,278,DOGEUSDT,ICT/SMC Scalp Pro,15m,لندن,short,long,2026-09-15 14:30:00,0.08147,0.08074157283700291,0.08256264074449564,0.08365528148899128,100.0,1.0,100.0,,,,,,1167.3621
2026-09-15T14:46:21.476638+00:00,signal_skipped_no_margin,,CRVUSDT,ICT/SMC Scalp Pro,15m,لندن,short,,2026-09-15 14:30:00,,,,,100.0,1.0,100.0,,,,,,1167.3621
2026-09-15T14:46:24.747071+00:00,lot_close,262,CHZUSDT,ICT/SMC Scalp Pro,15m,لندن,short,long,2026-09-15 09:45:00,,,,,,1.0,50.0,,lot_a,sl,0.014006917261017897,-0.4004,1166.9616
2026-09-15T14:46:25.229658+00:00,lot_close,262,CHZUSDT,ICT/SMC Scalp Pro,15m,لندن,short,long,2026-09-15 09:45:00,,,,,,1.0,50.0,,lot_b,sl,0.014006917261017897,-0.4004,1166.5612
2026-09-15T14:46:25.622647+00:00,full_close,262,CHZUSDT,ICT/SMC Scalp Pro,15m,لندن,short,long,2026-09-15 09:45:00,,,,,,,,,,,,,1166.5612
2026-09-15T14:46:26.640830+00:00,open,279,CHZUSDT,ICT/SMC Scalp Pro,15m,لندن,short,long,2026-09-15 14:30:00,0.01399,0.013854863353780146,0.014192704969329784,0.014395409938659565,100.0,1.0,100.0,,,,,,1166.5612
2026-09-15T14:46:29.615776+00:00,signal_skipped_no_margin,,VETUSDT,Supertrend+ADX,15m,لندن,short,,2026-09-15 14:30:00,,,,,300.0,3.0,100.0,,,,,,1166.5612
2026-09-15T14:46:30.573395+00:00,signal_skipped_no_margin,,VETUSDT,ICT/SMC Scalp Pro,15m,لندن,short,,2026-09-15 14:30:00,,,,,100.0,1.0,100.0,,,,,,1166.5612
2026-09-15T14:46:31.850945+00:00,lot_close,270,MASKUSDT,ICT/SMC Scalp Pro,15m,لندن,short,long,2026-09-15 13:30:00,,,,,,1.0,50.0,,lot_a,sl,0.4283073977553604,-0.5419,1166.0193
2026-09-15T14:46:32.287137+00:00,lot_close,270,MASKUSDT,ICT/SMC Scalp Pro,15m,لندن,short,long,2026-09-15 13:30:00,,,,,,1.0,50.0,,lot_b,sl,0.4283073977553604,-0.5419,1165.4775
2026-09-15T14:46:32.702737+00:00,full_close,270,MASKUSDT,ICT/SMC Scalp Pro,15m,لندن,short,long,2026-09-15 13:30:00,,,,,,,,,,,,,1165.4775
2026-09-15T14:46:34.708133+00:00,lot_close,271,MANAUSDT,ICT/SMC Scalp Pro,15m,لندن,short,long,2026-09-15 13:30:00,,,,,,1.0,50.0,,lot_a,sl,0.07244617738956999,-0.3793,1165.0981
2026-09-15T14:46:35.147945+00:00,lot_close,271,MANAUSDT,ICT/SMC Scalp Pro,15m,لندن,short,long,2026-09-15 13:30:00,,,,,,1.0,50.0,,lot_b,sl,0.07244617738956999,-0.3793,1164.7188
2026-09-15T14:46:35.542045+00:00,full_close,271,MANAUSDT,ICT/SMC Scalp Pro,15m,لندن,short,long,2026-09-15 13:30:00,,,,,,,,,,,,,1164.7188
2026-09-15T14:46:36.686974+00:00,open,280,MANAUSDT,ICT/SMC Scalp Pro,15m,لندن,short,long,2026-09-15 14:30:00,0.0726,0.07197337235587467,0.07353994146618799,0.07447988293237598,100.0,1.0,100.0,,,,,,1164.7188
2026-09-15T15:01:19.012874+00:00,lot_close,276,ETHUSDT,ICT/SMC Scalp Pro,15m,لندن,short,long,2026-09-15 14:30:00,,,,,,1.0,50.0,,lot_a,sl,2396.452567309789,-0.4214,1164.2974
2026-09-15T15:01:19.467137+00:00,lot_close,276,ETHUSDT,ICT/SMC Scalp Pro,15m,لندن,short,long,2026-09-15 14:30:00,,,,,,1.0,50.0,,lot_b,sl,2396.452567309789,-0.4214,1163.8761
2026-09-15T15:01:19.941162+00:00,full_close,276,ETHUSDT,ICT/SMC Scalp Pro,15m,لندن,short,long,2026-09-15 14:30:00,,,,,,,,,,,,,1163.8761
2026-09-15T15:01:21.784704+00:00,lot_close,277,SOLUSDT,ICT/SMC Scalp Pro,15m,لندن,short,long,2026-09-15 14:30:00,,,,,,1.0,50.0,,lot_a,sl,98.11429525700514,-0.4173,1163.4588
2026-09-15T15:01:22.236473+00:00,lot_close,277,SOLUSDT,ICT/SMC Scalp Pro,15m,لندن,short,long,2026-09-15 14:30:00,,,,,,1.0,50.0,,lot_b,sl,98.11429525700514,-0.4173,1163.0415
2026-09-15T15:01:22.701301+00:00,full_close,277,SOLUSDT,ICT/SMC Scalp Pro,15m,لندن,short,long,2026-09-15 14:30:00,,,,,,,,,,,,,1163.0415
2026-09-15T15:01:23.710926+00:00,open,281,SOLUSDT,ICT/SMC Scalp Pro,15m,لندن,short,long,2026-09-15 14:45:00,98.87,97.97984559576906,100.20523160634642,101.54046321269283,100.0,1.0,100.0,,,,,,1163.0415
2026-09-15T15:01:25.305921+00:00,open,282,BNBUSDT,Supertrend+ADX,15m,لندن,short,long,2026-09-15 14:45:00,715.52,707.9531814061802,726.8702278907297,738.2204557814593,300.0,3.0,100.0,19.501,,,,,1163.0415
2026-09-15T15:01:27.005454+00:00,lot_close,278,DOGEUSDT,ICT/SMC Scalp Pro,15m,لندن,short,long,2026-09-15 14:30:00,,,,,,1.0,50.0,,lot_a,sl,0.08074157283700291,-0.4471,1162.5945
2026-09-15T15:01:27.472352+00:00,lot_close,278,DOGEUSDT,ICT/SMC Scalp Pro,15m,لندن,short,long,2026-09-15 14:30:00,,,,,,1.0,50.0,,lot_b,sl,0.08074157283700291,-0.4471,1162.1474
2026-09-15T15:01:27.939439+00:00,full_close,278,DOGEUSDT,ICT/SMC Scalp Pro,15m,لندن,short,long,2026-09-15 14:30:00,,,,,,,,,,,,,1162.1474
2026-09-15T15:01:28.916885+00:00,open,283,DOGEUSDT,ICT/SMC Scalp Pro,15m,لندن,short,long,2026-09-15 14:45:00,0.08129,0.08048631763439414,0.0824955235484088,0.0837010470968176,100.0,1.0,100.0,,,,,,1162.1474
2026-09-15T15:01:32.000745+00:00,open,284,ROSEUSDT,ICT/SMC Scalp Pro,15m,لندن,short,long,2026-09-15 14:45:00,0.00654,0.006460122458791189,0.0066598163118132166,0.006779632623626433,100.0,1.0,100.0,,,,,,1162.1474
2026-09-15T15:01:33.245771+00:00,lot_close,279,CHZUSDT,ICT/SMC Scalp Pro,15m,لندن,short,long,2026-09-15 14:30:00,,,,,,1.0,50.0,,lot_a,sl,0.013854863353780146,-0.483,1161.6644
2026-09-15T15:01:33.722452+00:00,lot_close,279,CHZUSDT,ICT/SMC Scalp Pro,15m,لندن,short,long,2026-09-15 14:30:00,,,,,,1.0,50.0,,lot_b,sl,0.013854863353780146,-0.483,1161.1815
2026-09-15T15:01:34.166017+00:00,full_close,279,CHZUSDT,ICT/SMC Scalp Pro,15m,لندن,short,long,2026-09-15 14:30:00,,,,,,,,,,,,,1161.1815
2026-09-15T15:01:39.809410+00:00,lot_close,280,MANAUSDT,ICT/SMC Scalp Pro,15m,لندن,short,long,2026-09-15 14:30:00,,,,,,1.0,50.0,,lot_a,sl,0.07197337235587467,-0.4316,1160.7499
2026-09-15T15:01:40.296241+00:00,lot_close,280,MANAUSDT,ICT/SMC Scalp Pro,15m,لندن,short,long,2026-09-15 14:30:00,,,,,,1.0,50.0,,lot_b,sl,0.07197337235587467,-0.4316,1160.3183
2026-09-15T15:01:40.784564+00:00,full_close,280,MANAUSDT,ICT/SMC Scalp Pro,15m,لندن,short,long,2026-09-15 14:30:00,,,,,,,,,,,,,1160.3183
2026-09-15T15:01:41.834706+00:00,open,285,MANAUSDT,ICT/SMC Scalp Pro,15m,لندن,short,long,2026-09-15 14:45:00,0.0725,0.07182813147335836,0.07350780278996245,0.07451560557992491,100.0,1.0,100.0,,,,,,1160.3183
2026-09-15T15:01:43.106736+00:00,lot_close,272,GALAUSDT,ICT/SMC Scalp Pro,15m,لندن,short,long,2026-09-15 13:30:00,,,,,,1.0,50.0,,lot_a,sl,0.0016497839029631226,-0.5757,1159.7427
2026-09-15T15:01:43.580853+00:00,lot_close,272,GALAUSDT,ICT/SMC Scalp Pro,15m,لندن,short,long,2026-09-15 13:30:00,,,,,,1.0,50.0,,lot_b,sl,0.0016497839029631226,-0.5757,1159.167
2026-09-15T15:01:44.058013+00:00,full_close,272,GALAUSDT,ICT/SMC Scalp Pro,15m,لندن,short,long,2026-09-15 13:30:00,,,,,,,,,,,,,1159.167
2026-09-15T15:31:11.610718+00:00,open,286,CRVUSDT,ICT/SMC Scalp Pro,15m,لندن,long,short,2026-09-15 15:15:00,0.3413,0.3466539281056109,0.3332691078415836,0.32523821568316724,100.0,1.0,100.0,,,,,,1159.167
2026-09-15T16:01:24.010610+00:00,lot_close,275,BTCUSDT,ICT/SMC Scalp Pro,15m,لندن,short,long,2026-09-15 14:30:00,,,,,,1.0,50.0,,lot_a,tp1,76602.16365159214,0.4546,1159.6216
2026-09-15T16:01:24.382153+00:00,sl_to_be,275,BTCUSDT,ICT/SMC Scalp Pro,15m,لندن,short,long,2026-09-15 14:30:00,,75912.01,,,,,,,,,,,
2026-09-15T16:01:37.123489+00:00,open,287,CHZUSDT,ICT/SMC Scalp Pro,15m,لندن,short,long,2026-09-15 15:45:00,0.01401,0.01385694962521139,0.014239575562182916,0.01446915112436583,100.0,1.0,100.0,,,,,,1159.6216
2026-09-15T16:46:09.999234+00:00,lot_close,284,ROSEUSDT,ICT/SMC Scalp Pro,15m,لندن,short,long,2026-09-15 14:45:00,,,,,,1.0,50.0,,lot_a,tp1,0.0066598163118132166,0.916,1160.5376
2026-09-15T16:46:10.569770+00:00,sl_to_be,284,ROSEUSDT,ICT/SMC Scalp Pro,15m,لندن,short,long,2026-09-15 14:45:00,,0.00654,,,,,,,,,,,
2026-09-15T16:46:16.646537+00:00,open,288,VETUSDT,ICT/SMC Scalp Pro,15m,نیویورک,short,long,2026-09-15 16:30:00,0.007355,0.007250397046572789,0.007511904430140819,0.007668808860281636,100.0,1.0,100.0,,,,,,1160.5376
2026-09-15T17:01:22.324560+00:00,lot_close,273,BNBUSDT,ICT/SMC Scalp Pro,15m,لندن,long,short,2026-09-15 13:45:00,,,,,,1.0,50.0,,lot_b,sl,720.31,-0.0,1160.5376
2026-09-15T17:01:22.779652+00:00,full_close,273,BNBUSDT,ICT/SMC Scalp Pro,15m,لندن,long,short,2026-09-15 13:45:00,,,,,,,,,,,,,1160.5376
2026-09-15T17:46:01.543165+00:00,lot_close,275,BTCUSDT,ICT/SMC Scalp Pro,15m,لندن,short,long,2026-09-15 14:30:00,,,,,,1.0,50.0,,lot_b,tp2,77292.31730318429,0.9091,1161.4467
2026-09-15T17:46:01.928731+00:00,full_close,275,BTCUSDT,ICT/SMC Scalp Pro,15m,لندن,short,long,2026-09-15 14:30:00,,,,,,,,,,,,,1161.4467
2026-09-15T17:46:05.696942+00:00,lot_close,281,SOLUSDT,ICT/SMC Scalp Pro,15m,لندن,short,long,2026-09-15 14:45:00,,,,,,1.0,50.0,,lot_a,tp1,100.20523160634642,0.6752,1162.122
2026-09-15T17:46:06.122157+00:00,sl_to_be,281,SOLUSDT,ICT/SMC Scalp Pro,15m,لندن,short,long,2026-09-15 14:45:00,,98.87,,,,,,,,,,,
2026-09-15T17:46:09.736996+00:00,lot_close,283,DOGEUSDT,ICT/SMC Scalp Pro,15m,لندن,short,long,2026-09-15 14:45:00,,,,,,1.0,50.0,,lot_a,tp1,0.0824955235484088,0.7415,1162.8635
2026-09-15T17:46:10.165517+00:00,sl_to_be,283,DOGEUSDT,ICT/SMC Scalp Pro,15m,لندن,short,long,2026-09-15 14:45:00,,0.08129,,,,,,,,,,,
2026-09-15T18:46:06.498975+00:00,open,289,BTCUSDT,Supertrend+ADX,15m,نیویورک,short,long,2026-09-15 18:30:00,75773.02,73701.59866986831,78880.15199519755,81987.28399039508,300.0,3.0,100.0,29.34,,,,,1162.8635
2026-09-15T18:46:07.473921+00:00,open,290,BTCUSDT,ICT/SMC Scalp Pro,15m,نیویورک,short,long,2026-09-15 18:30:00,75773.02,75080.40315585499,76811.94526621752,77850.87053243504,100.0,1.0,100.0,,,,,,1162.8635
2026-09-15T18:46:09.498826+00:00,signal_skipped_no_margin,,ETHUSDT,ICT/SMC Scalp Pro,15m,نیویورک,short,,2026-09-15 18:30:00,,,,,100.0,1.0,100.0,,,,,,1162.8635
2026-09-15T18:46:10.969930+00:00,lot_close,281,SOLUSDT,ICT/SMC Scalp Pro,15m,لندن,short,long,2026-09-15 14:45:00,,,,,,1.0,50.0,,lot_b,sl,98.87,0.0,1162.8635
2026-09-15T18:46:11.422432+00:00,full_close,281,SOLUSDT,ICT/SMC Scalp Pro,15m,لندن,short,long,2026-09-15 14:45:00,,,,,,,,,,,,,1162.8635
2026-09-15T18:46:12.542930+00:00,open,291,SOLUSDT,ICT/SMC Scalp Pro,15m,نیویورک,short,long,2026-09-15 18:30:00,98.06,96.85311092571291,99.87033361143064,101.68066722286127,100.0,1.0,100.0,,,,,,1162.8635
2026-09-15T18:46:14.579334+00:00,signal_skipped_no_margin,,BNBUSDT,ICT/SMC Scalp Pro,15m,نیویورک,short,,2026-09-15 18:30:00,,,,,100.0,1.0,100.0,,,,,,1162.8635
2026-09-15T18:46:15.913192+00:00,lot_close,283,DOGEUSDT,ICT/SMC Scalp Pro,15m,لندن,short,long,2026-09-15 14:45:00,,,,,,1.0,50.0,,lot_b,sl,0.08129,0.0,1162.8635
2026-09-15T18:46:16.322827+00:00,full_close,283,DOGEUSDT,ICT/SMC Scalp Pro,15m,لندن,short,long,2026-09-15 14:45:00,,,,,,,,,,,,,1162.8635
2026-09-15T18:46:17.338059+00:00,signal_skipped_no_margin,,DOGEUSDT,ICT/SMC Scalp Pro,15m,نیویورک,short,,2026-09-15 18:30:00,,,,,100.0,1.0,100.0,,,,,,1162.8635
2026-09-15T18:46:18.665171+00:00,lot_close,286,CRVUSDT,ICT/SMC Scalp Pro,15m,لندن,long,short,2026-09-15 15:15:00,,,,,,1.0,50.0,,lot_a,tp1,0.3332691078415836,1.1765,1164.04
2026-09-15T18:46:19.135987+00:00,sl_to_be,286,CRVUSDT,ICT/SMC Scalp Pro,15m,لندن,long,short,2026-09-15 15:15:00,,0.3413,,,,,,,,,,,
2026-09-15T18:46:19.565350+00:00,lot_close,286,CRVUSDT,ICT/SMC Scalp Pro,15m,لندن,long,short,2026-09-15 15:15:00,,,,,,1.0,50.0,,lot_b,sl,0.3413,-0.0,1164.04
2026-09-15T18:46:20.355633+00:00,full_close,286,CRVUSDT,ICT/SMC Scalp Pro,15m,لندن,long,short,2026-09-15 15:15:00,,,,,,,,,,,,,1164.04
2026-09-15T18:46:20.834242+00:00,open,292,CRVUSDT,Supertrend+ADX,15m,نیویورک,short,long,2026-09-15 18:30:00,0.3336,0.3167653313962178,0.3588520029056733,0.38410400581134657,300.0,3.0,100.0,24.476,,,,,1164.04
2026-09-15T18:46:22.691232+00:00,lot_close,284,ROSEUSDT,ICT/SMC Scalp Pro,15m,لندن,short,long,2026-09-15 14:45:00,,,,,,1.0,50.0,,lot_b,sl,0.00654,0.0,1164.04
2026-09-15T18:46:23.760832+00:00,full_close,284,ROSEUSDT,ICT/SMC Scalp Pro,15m,لندن,short,long,2026-09-15 14:45:00,,,,,,,,,,,,,1164.04
2026-09-15T18:46:24.763805+00:00,open,293,ROSEUSDT,ICT/SMC Scalp Pro,15m,نیویورک,short,long,2026-09-15 18:30:00,0.0065,0.006397117438005415,0.006654323842991877,0.006808647685983754,100.0,1.0,100.0,,,,,,1164.04
2026-09-15T18:46:26.040591+00:00,lot_close,287,CHZUSDT,ICT/SMC Scalp Pro,15m,لندن,short,long,2026-09-15 15:45:00,,,,,,1.0,50.0,,lot_a,sl,0.01385694962521139,-0.5462,1163.4938
2026-09-15T18:46:26.421778+00:00,lot_close,287,CHZUSDT,ICT/SMC Scalp Pro,15m,لندن,short,long,2026-09-15 15:45:00,,,,,,1.0,50.0,,lot_b,sl,0.01385694962521139,-0.5462,1162.9476
2026-09-15T18:46:26.812882+00:00,full_close,287,CHZUSDT,ICT/SMC Scalp Pro,15m,لندن,short,long,2026-09-15 15:45:00,,,,,,,,,,,,,1162.9476
2026-09-15T18:46:27.809941+00:00,open,294,CHZUSDT,ICT/SMC Scalp Pro,15m,نیویورک,short,long,2026-09-15 18:30:00,0.01376,0.013554503682554878,0.014068244476167682,0.014376488952335365,100.0,1.0,100.0,,,,,,1162.9476
2026-09-15T18:46:29.097671+00:00,lot_close,251,ONEUSDT,ICT/SMC Scalp Pro,15m,آسیا,long,short,2026-09-15 06:30:00,,,,,,1.0,50.0,,lot_b,tp2,0.0006866554713718272,2.2493,1165.1968
2026-09-15T18:46:29.486012+00:00,full_close,251,ONEUSDT,ICT/SMC Scalp Pro,15m,آسیا,long,short,2026-09-15 06:30:00,,,,,,,,,,,,,1165.1968
2026-09-15T18:46:31.487424+00:00,lot_close,288,VETUSDT,ICT/SMC Scalp Pro,15m,نیویورک,short,long,2026-09-15 16:30:00,,,,,,1.0,50.0,,lot_a,sl,0.007250397046572789,-0.7111,1164.4857
2026-09-15T18:46:31.866784+00:00,lot_close,288,VETUSDT,ICT/SMC Scalp Pro,15m,نیویورک,short,long,2026-09-15 16:30:00,,,,,,1.0,50.0,,lot_b,sl,0.007250397046572789,-0.7111,1163.7746
2026-09-15T18:46:32.353008+00:00,full_close,288,VETUSDT,ICT/SMC Scalp Pro,15m,نیویورک,short,long,2026-09-15 16:30:00,,,,,,,,,,,,,1163.7746
2026-09-15T18:46:33.347869+00:00,open,295,VETUSDT,ICT/SMC Scalp Pro,15m,نیویورک,short,long,2026-09-15 18:30:00,0.007199,0.00706576796102515,0.0073988480584622745,0.007598696116924549,100.0,1.0,100.0,,,,,,1163.7746
2026-09-15T18:46:35.248875+00:00,signal_skipped_no_margin,,MASKUSDT,ICT/SMC Scalp Pro,15m,نیویورک,short,,2026-09-15 18:30:00,,,,,100.0,1.0,100.0,,,,,,1163.7746
2026-09-15T18:46:36.516124+00:00,lot_close,218,MANAUSDT,Supertrend+ADX,15m,آسیا,long,short,2026-09-14 02:00:00,,,,,,3.0,50.0,,lot_b,tp2,0.07185051237604827,7.6278,1171.4024
2026-09-15T18:46:36.901505+00:00,full_close,218,MANAUSDT,Supertrend+ADX,15m,آسیا,long,short,2026-09-14 02:00:00,,,,,,,,,,,,,1171.4024
2026-09-15T18:46:37.310199+00:00,lot_close,285,MANAUSDT,ICT/SMC Scalp Pro,15m,لندن,short,long,2026-09-15 14:45:00,,,,,,1.0,50.0,,lot_a,sl,0.07182813147335836,-0.4634,1170.9391
2026-09-15T18:46:37.787586+00:00,lot_close,285,MANAUSDT,ICT/SMC Scalp Pro,15m,لندن,short,long,2026-09-15 14:45:00,,,,,,1.0,50.0,,lot_b,sl,0.07182813147335836,-0.4634,1170.4757
2026-09-15T18:46:38.192011+00:00,full_close,285,MANAUSDT,ICT/SMC Scalp Pro,15m,لندن,short,long,2026-09-15 14:45:00,,,,,,,,,,,,,1170.4757
2026-09-15T18:46:39.208337+00:00,open,296,MANAUSDT,ICT/SMC Scalp Pro,15m,نیویورک,short,long,2026-09-15 18:30:00,0.0716,0.07070961766001621,0.07293557350997568,0.07427114701995136,100.0,1.0,100.0,,,,,,1170.4757
2026-09-15T18:46:41.057895+00:00,open,297,GALAUSDT,ICT/SMC Scalp Pro,15m,نیویورک,short,long,2026-09-15 18:30:00,0.001636,0.0016086928144303366,0.0016769607783544953,0.0017179215567089904,100.0,1.0,100.0,,,,,,1170.4757
2026-09-15T19:01:16.798195+00:00,lot_close,290,BTCUSDT,ICT/SMC Scalp Pro,15m,نیویورک,short,long,2026-09-15 18:30:00,,,,,,1.0,50.0,,lot_a,sl,75080.40315585499,-0.457,1170.0187
2026-09-15T19:01:17.259275+00:00,lot_close,290,BTCUSDT,ICT/SMC Scalp Pro,15m,نیویورک,short,long,2026-09-15 18:30:00,,,,,,1.0,50.0,,lot_b,sl,75080.40315585499,-0.457,1169.5616
2026-09-15T19:01:17.751971+00:00,full_close,290,BTCUSDT,ICT/SMC Scalp Pro,15m,نیویورک,short,long,2026-09-15 18:30:00,,,,,,,,,,,,,1169.5616
2026-09-15T19:01:22.160036+00:00,lot_close,291,SOLUSDT,ICT/SMC Scalp Pro,15m,نیویورک,short,long,2026-09-15 18:30:00,,,,,,1.0,50.0,,lot_a,sl,96.85311092571291,-0.6154,1168.9462
2026-09-15T19:01:22.628386+00:00,lot_close,291,SOLUSDT,ICT/SMC Scalp Pro,15m,نیویورک,short,long,2026-09-15 18:30:00,,,,,,1.0,50.0,,lot_b,sl,96.85311092571291,-0.6154,1168.3309
2026-09-15T19:01:23.120827+00:00,full_close,291,SOLUSDT,ICT/SMC Scalp Pro,15m,نیویورک,short,long,2026-09-15 18:30:00,,,,,,,,,,,,,1168.3309
2026-09-15T19:01:25.058881+00:00,lot_close,282,BNBUSDT,Supertrend+ADX,15m,لندن,short,long,2026-09-15 14:45:00,,,,,,3.0,50.0,,lot_a,sl,707.9531814061802,-1.5863,1166.7446
2026-09-15T19:01:25.558440+00:00,lot_close,282,BNBUSDT,Supertrend+ADX,15m,لندن,short,long,2026-09-15 14:45:00,,,,,,3.0,50.0,,lot_b,sl,707.9531814061802,-1.5863,1165.1583
2026-09-15T19:01:26.054179+00:00,full_close,282,BNBUSDT,Supertrend+ADX,15m,لندن,short,long,2026-09-15 14:45:00,,,,,,,,,,,,,1165.1583
2026-09-15T19:01:27.107672+00:00,open,298,BNBUSDT,ICT/SMC Scalp Pro,15m,نیویورک,short,long,2026-09-15 18:45:00,718.17,711.5914151265333,728.0378773102,737.9057546203999,100.0,1.0,100.0,,,,,,1165.1583
2026-09-15T19:01:31.037096+00:00,lot_close,293,ROSEUSDT,ICT/SMC Scalp Pro,15m,نیویورک,short,long,2026-09-15 18:30:00,,,,,,1.0,50.0,,lot_a,sl,0.006397117438005415,-0.7914,1164.3669
2026-09-15T19:01:31.519074+00:00,lot_close,293,ROSEUSDT,ICT/SMC Scalp Pro,15m,نیویورک,short,long,2026-09-15 18:30:00,,,,,,1.0,50.0,,lot_b,sl,0.006397117438005415,-0.7914,1163.5755
2026-09-15T19:01:32.077100+00:00,full_close,293,ROSEUSDT,ICT/SMC Scalp Pro,15m,نیویورک,short,long,2026-09-15 18:30:00,,,,,,,,,,,,,1163.5755
2026-09-15T19:01:33.939830+00:00,lot_close,294,CHZUSDT,ICT/SMC Scalp Pro,15m,نیویورک,short,long,2026-09-15 18:30:00,,,,,,1.0,50.0,,lot_a,sl,0.013554503682554878,-0.7467,1162.8288
2026-09-15T19:01:34.510285+00:00,lot_close,294,CHZUSDT,ICT/SMC Scalp Pro,15m,نیویورک,short,long,2026-09-15 18:30:00,,,,,,1.0,50.0,,lot_b,sl,0.013554503682554878,-0.7467,1162.082
2026-09-15T19:01:34.986034+00:00,full_close,294,CHZUSDT,ICT/SMC Scalp Pro,15m,نیویورک,short,long,2026-09-15 18:30:00,,,,,,,,,,,,,1162.082
2026-09-15T19:01:38.213120+00:00,lot_close,295,VETUSDT,ICT/SMC Scalp Pro,15m,نیویورک,short,long,2026-09-15 18:30:00,,,,,,1.0,50.0,,lot_a,sl,0.00706576796102515,-0.9254,1161.1567
2026-09-15T19:01:38.710548+00:00,lot_close,295,VETUSDT,ICT/SMC Scalp Pro,15m,نیویورک,short,long,2026-09-15 18:30:00,,,,,,1.0,50.0,,lot_b,sl,0.00706576796102515,-0.9254,1160.2313
2026-09-15T19:01:39.295769+00:00,full_close,295,VETUSDT,ICT/SMC Scalp Pro,15m,نیویورک,short,long,2026-09-15 18:30:00,,,,,,,,,,,,,1160.2313
2026-09-15T19:01:40.448348+00:00,open,299,VETUSDT,ICT/SMC Scalp Pro,15m,نیویورک,short,long,2026-09-15 18:45:00,0.007186,0.007036955963810782,0.007409566054283826,0.007633132108567652,100.0,1.0,100.0,,,,,,1160.2313
2026-09-15T19:01:43.106511+00:00,lot_close,296,MANAUSDT,ICT/SMC Scalp Pro,15m,نیویورک,short,long,2026-09-15 18:30:00,,,,,,1.0,50.0,,lot_a,sl,0.07070961766001621,-0.6218,1159.6096
2026-09-15T19:01:43.576620+00:00,lot_close,296,MANAUSDT,ICT/SMC Scalp Pro,15m,نیویورک,short,long,2026-09-15 18:30:00,,,,,,1.0,50.0,,lot_b,sl,0.07070961766001621,-0.6218,1158.9878
2026-09-15T19:01:44.053448+00:00,full_close,296,MANAUSDT,ICT/SMC Scalp Pro,15m,نیویورک,short,long,2026-09-15 18:30:00,,,,,,,,,,,,,1158.9878
2026-09-15T19:01:45.880431+00:00,lot_close,185,GALAUSDT,Supertrend+ADX,15m,نیویورک,short,long,2026-09-11 18:00:00,,,,,,3.0,50.0,,lot_a,sl,0.0015903366275554697,-7.4115,1151.5762
2026-09-15T19:01:46.502449+00:00,lot_close,185,GALAUSDT,Supertrend+ADX,15m,نیویورک,short,long,2026-09-11 18:00:00,,,,,,3.0,50.0,,lot_b,sl,0.0015903366275554697,-7.4115,1144.1647
2026-09-15T19:01:47.028164+00:00,full_close,185,GALAUSDT,Supertrend+ADX,15m,نیویورک,short,long,2026-09-11 18:00:00,,,,,,,,,,,,,1144.1647
2026-09-15T19:01:47.548636+00:00,lot_close,297,GALAUSDT,ICT/SMC Scalp Pro,15m,نیویورک,short,long,2026-09-15 18:30:00,,,,,,1.0,50.0,,lot_a,sl,0.0016086928144303366,-0.8346,1143.3301
2026-09-15T19:01:48.019108+00:00,lot_close,297,GALAUSDT,ICT/SMC Scalp Pro,15m,نیویورک,short,long,2026-09-15 18:30:00,,,,,,1.0,50.0,,lot_b,sl,0.0016086928144303366,-0.8346,1142.4956
2026-09-15T19:01:48.486153+00:00,full_close,297,GALAUSDT,ICT/SMC Scalp Pro,15m,نیویورک,short,long,2026-09-15 18:30:00,,,,,,,,,,,,,1142.4956
2026-09-15T19:16:14.678821+00:00,open,300,ROSEUSDT,ICT/SMC Scalp Pro,15m,نیویورک,short,long,2026-09-15 19:00:00,0.0065,0.006379606362357525,0.006680590456463711,0.006861180912927423,100.0,1.0,100.0,,,,,,1142.4956
2026-09-15T19:16:24.452348+00:00,open,301,GALAUSDT,ICT/SMC Scalp Pro,15m,نیویورک,short,long,2026-09-15 19:00:00,0.001638,0.001604618804279678,0.0016880717935804828,0.0017381435871609658,100.0,1.0,100.0,,,,,,1142.4956
2026-09-15T19:31:05.752382+00:00,open,302,ETHUSDT,ICT/SMC Scalp Pro,15m,نیویورک,short,long,2026-09-15 19:15:00,2404.92,2370.4507398548108,2456.623890217784,2508.327780435568,100.0,1.0,100.0,,,,,,1142.4956
2026-09-15T19:31:16.369761+00:00,open,303,ONEUSDT,ICT/SMC Scalp Pro,15m,نیویورک,short,long,2026-09-15 19:15:00,0.000689,0.0006771024478101302,0.0007068463282848048,0.0007246926565696096,100.0,1.0,100.0,,,,,,1142.4956
2026-09-15T20:16:26.493525+00:00,open,304,MANAUSDT,ICT/SMC Scalp Pro,15m,نیویورک,short,long,2026-09-15 20:00:00,0.0715,0.07046806390299246,0.0730479041455113,0.07459580829102261,100.0,1.0,100.0,,,,,,1142.4956
2026-09-15T20:46:03.837683+00:00,open,305,CRVUSDT,ICT/SMC Scalp Pro,15m,نیویورک,short,long,2026-09-15 20:30:00,0.3245,0.3168197133937431,0.3360204299093854,0.34754085981877075,100.0,1.0,100.0,,,,,,1142.4956
2026-09-15T21:31:16.761276+00:00,lot_close,300,ROSEUSDT,ICT/SMC Scalp Pro,15m,نیویورک,short,long,2026-09-15 19:00:00,,,,,,1.0,50.0,,lot_a,sl,0.006379606362357525,-0.9261,1141.5695
2026-09-15T21:31:17.185931+00:00,lot_close,300,ROSEUSDT,ICT/SMC Scalp Pro,15m,نیویورک,short,long,2026-09-15 19:00:00,,,,,,1.0,50.0,,lot_b,sl,0.006379606362357525,-0.9261,1140.6434
2026-09-15T21:31:17.644534+00:00,full_close,300,ROSEUSDT,ICT/SMC Scalp Pro,15m,نیویورک,short,long,2026-09-15 19:00:00,,,,,,,,,,,,,1140.6434
2026-09-15T22:01:16.980022+00:00,lot_close,298,BNBUSDT,ICT/SMC Scalp Pro,15m,نیویورک,short,long,2026-09-15 18:45:00,,,,,,1.0,50.0,,lot_a,sl,711.5914151265333,-0.458,1140.1853
2026-09-15T22:01:18.106475+00:00,lot_close,298,BNBUSDT,ICT/SMC Scalp Pro,15m,نیویورک,short,long,2026-09-15 18:45:00,,,,,,1.0,50.0,,lot_b,sl,711.5914151265333,-0.458,1139.7273
2026-09-15T22:01:18.594907+00:00,full_close,298,BNBUSDT,ICT/SMC Scalp Pro,15m,نیویورک,short,long,2026-09-15 18:45:00,,,,,,,,,,,,,1139.7273
2026-09-15T22:01:21.994672+00:00,lot_close,292,CRVUSDT,Supertrend+ADX,15m,نیویورک,short,long,2026-09-15 18:30:00,,,,,,3.0,50.0,,lot_a,sl,0.3167653313962178,-7.5695,1132.1578
2026-09-15T22:01:22.516971+00:00,lot_close,292,CRVUSDT,Supertrend+ADX,15m,نیویورک,short,long,2026-09-15 18:30:00,,,,,,3.0,50.0,,lot_b,sl,0.3167653313962178,-7.5695,1124.5882
2026-09-15T22:01:23.123107+00:00,full_close,292,CRVUSDT,Supertrend+ADX,15m,نیویورک,short,long,2026-09-15 18:30:00,,,,,,,,,,,,,1124.5882
2026-09-15T22:01:23.632911+00:00,lot_close,305,CRVUSDT,ICT/SMC Scalp Pro,15m,نیویورک,short,long,2026-09-15 20:30:00,,,,,,1.0,50.0,,lot_a,sl,0.3168197133937431,-1.1834,1123.4048
2026-09-15T22:01:24.112451+00:00,lot_close,305,CRVUSDT,ICT/SMC Scalp Pro,15m,نیویورک,short,long,2026-09-15 20:30:00,,,,,,1.0,50.0,,lot_b,sl,0.3168197133937431,-1.1834,1122.2214
2026-09-15T22:01:24.643879+00:00,full_close,305,CRVUSDT,ICT/SMC Scalp Pro,15m,نیویورک,short,long,2026-09-15 20:30:00,,,,,,,,,,,,,1122.2214
2026-09-15T22:01:30.674656+00:00,lot_close,299,VETUSDT,ICT/SMC Scalp Pro,15m,نیویورک,short,long,2026-09-15 18:45:00,,,,,,1.0,50.0,,lot_a,sl,0.007036955963810782,-1.037,1121.1844
2026-09-15T22:01:31.309951+00:00,lot_close,299,VETUSDT,ICT/SMC Scalp Pro,15m,نیویورک,short,long,2026-09-15 18:45:00,,,,,,1.0,50.0,,lot_b,sl,0.007036955963810782,-1.037,1120.1473
2026-09-15T22:01:31.815478+00:00,full_close,299,VETUSDT,ICT/SMC Scalp Pro,15m,نیویورک,short,long,2026-09-15 18:45:00,,,,,,,,,,,,,1120.1473
